Mien,Part of Speech,English,Chinese,Thai,Mandarin,Cantonese,Example,Usage,Origin
ca'lengc,adverb,particularly,尤其,โดยเฉพาะ,yóuqí,jau4 kei4,,,
ca'lengc,adverb,specially,特别,เป็นพิเศษ,tèbié,dak6 bit6,,,
ca'lengc,adverb,uniquely,独特,เป็นเอกลักษณ์,dútè,duk6 dak6,,,
baav,adjective,some,一些,บางส่วน,yīxiē,jat1 se1,,,
Aav Faam,adjective,Third Daughter (name),三女儿 (名字),ลูกสาวคนที่สาม (ชื่อ),sān nǚ'ér (míngzi),saam1 neoi5 ji4 (meng4 zi6),,,
aanx,adjective,to be late before noon,上午迟到,มาสายตอนเช้า,shàngwǔ chídào,soeng6 ng5 ci4 dou3,,,
caqv,adjective,to be inaccurate,不准确,ไม่ถูกต้อง,bù zhǔnquè,bat1 zeon2 koek3,,Literary,
a'mangc,adjective,unattractive,不吸引人,ไม่น่าดึงดูด,bù xīyǐn rén,bat1 kap1 jan5 jan4,,,
ceux,adjective,unruly,不守规矩,ดื้อ,bù shǒu guījǔ,bat1 sau2 gwai1 geoi2,,,
ba'zi ba'ziaa,adjective,incomplete,不完整,ไม่สมบูรณ์,bù wán zhěng,bat1 jyun4 zing2,,,
baamh,adjective,"to be inaccurate, ineffective",不灵,ไม่แม่นยำ/ไม่ได้ผล,bù líng,bat1 ling4,,,
biqv,adjective,sterile,不育,เป็นหมัน,bùyù,bat1 juk6,,,
caa,adjective,insufficient,不足,ไม่พอ,bùzú,bat1 zuk1,,,
a'mangc,adjective,ugly,丑,น่าเกลียด,chǒu,cau2,,,
a'mangc,adjective,hideous,丑陋至极,น่าเกลียดสุดๆ,chǒulòu zhìjí,cau2 lau6 zi3 gap6,,,
buonv,adjective,personal,个人的,ส่วนบุคคล,gèrén de,go3 jan4 dik1,,,
caan,adjective,medium-sized,中等,ปานกลาง,zhōngděng,zung1 dang2,,,
ben,adjective,colorful,五彩的,มีสีสัน,wǔcǎi de,ng5 coi2 dik1,,,
ciex,adjective,tilt,倾斜,เอียง,qīngxié,king1 ce4,,,
Aav Guv,adjective,Son (name),儿子 (名字),ลูกชาย (ชื่อ),érzi (míngzi),ji4 zi2 (meng4 zi6),,,
bieqc loh,adjective,incarcerrated,入狱,ถูกจำคุก,rùyù,jap6 juk6,,,
baengh,adjective,fair,公平,เป็นธรรม,gōng píng,gung1 ping4,,,
baengh,adjective,just,公正,ยุติธรรม,gōng zhèng,gung1 zing3,,,
beqv,adjective,impulsive,冲动的,หุนหันพลันแล่น,chōngdòng de,cung1 dung6 dik1,,,
aa cingx jang,adjective,a while ago,刚才,เมื่อสักครู่,gāngcái,gong1 coi4,,,
baqv bung,adjective,northern,北方的,ทางเหนือ,běifāng de,bak1 fong1 dik1,,,
bamc,adjective,dull,呆滞,ซื่อทื่อ/เฉื่อยชา,dāi zhì,daai1 zi6,,,
bangx jienv,adjective,plugged up,堵住,อุดไว้,dǔ zhù,dou2 zyu6,,,
bangx jienv,adjective,clogged up,堵塞,อุดตัน,dǔ sè,dou2 sak1,,,
camv,adjective,many,多,มาก,duō,do1,,,
camv,adjective,much,多,มาก,duō,do1,,,
bungx fim,adjective,at ease,大便,ถ่ายอุจจาระ,dàbiàn,daai6 bin6,,,
benx,adjective,good,好,ดี,hǎo,hou2,,,
benx,adjective,well,好,ดี,hǎo,hou2,,,
ceng-hlo,adjective,boastful,好夸,ชอบโอ้อวด,hào kuā,hou3 kwaa1,,,
baac,adjective,complete,完毕,สำเร็จ,wánbì,jyun4 bat6,,,
benx,adjective,rich,富,ร่ำรวย,fù,fu3,,,
baav,adjective,few,少许,น้อย,shǎoxǔ,siu2 heoi2,,,
baav,adjective,little,少量,เล็กน้อย,shǎoliàng,siu2 loeng6,,,
ceiv,adjective,pointy,尖的,แหลม,jiān de,zim1 dik1,,,
baengh,adjective,level,平,เรียบ/เสมอ,píng,ping4,,,
baengh,adjective,flat,平坦,ราบเรียบ,píng tǎn,ping4 taan2,,,
baengh,adjective,even,平整,เรียบเสมอกัน,píng zhěng,ping4 zing2,,,
camv,adjective,a lot,很多,มากมาย,hěn duō,han2 do1,,,
camv,adjective,"to be many, much",很多,มาก,hěn duō,han2 do1,,,
a'hneiv,adjective,to be happy,快乐,มีความสุข,kuàilè,faai3 lok6,,,
bernx,adjective,dumb,愚笨,โง่,yúbèn,jyu4 ban6,,,
bortv,adjective,dumb,愚笨,ทึ่ม,yúbèn,jyu4 ban6,,,
bernx,adjective,stupid,愚蠢,โง่เขลา,yúchǔn,jyu4 ceon2,,,
bortv,adjective,stupid,愚蠢,โง่เขลา,yúchǔn,jyu4 ceon2,,,
bamc,adjective,obtuse,愚钝,ทึบ/โง่ทึบ,yú dùn,jyu4 deon6,,,
a'hneiv,adjective,grateful,感激,กตัญญู,gǎnjī,gam2 gik1,,,
canh,adjective,ill-mannered,无礼,เสียมารยาท,wúlǐ,mou4 lei5,,,
canh,adjective,shameless,无耻,ไร้ยางอาย,wúchǐ,mou4 ci2,,,
aa cingx,adjective,Earlier,早些时候,เมื่อครู่นี้,zǎo xiē shíhou,zou2 se1 si4 hau6,,,
ba'zi ba'ziaa,adjective,unfinished,未完成,ยังไม่เสร็จ,wèi wán chéng,mei6 jyun4 sing4,,,
baeqc,adjective,plain,朴素,เรียบง่าย,pǔ sù,pok3 sou3,,,
ben,adjective,striped,条纹的,ลายทาง,tiáowén de,tiu4 man4 dik1,,,
bueix sieqv,adjective,a guy sleeping with a girl,杯（量词）,ลักษณนามถ้วย,bēi,bui1,,,
ben,adjective,checkered,格子的,ลายตาราง,gézi de,gaak3 zi2 dik1,,,
a'hneiv,adjective,appreciative,欣赏,ชื่นชม,xīnshǎng,jan1 soeng2,,,
baengh baaiz,adjective,directly across,正对面,ตรงข้ามพอดี,zhèng duì miàn,zing3 deoi3 min6,,,
buoz-zaux waaic,adjective,cripple,残疾,พิการ,cánjí,caan4 zik6,,,
buangv,adjective,full,注意,สังเกต,zhùyì,zyu3 ji3,"Dapv buangv wuom. ""Fill the water full.""",,
baac-baac,adjective,deliberately,深思熟虑地,อย่างรอบคอบ,shēnsī shúlǜ de,sam1 si1 suk6 leoi6 dik1,,,
bangx,adjective,explosive personality,爆脾气,อารมณ์รุนแรง/ฉุนเฉียว,bào pí qì,baau3 pei4 hei3,,,
a'nziaauc,adjective,playful,爱嬉闹的,ขี้เล่น,wánshuǎ de,wun4*2 saa2 dik1,,,
cien,adjective,to biological,生物的,ทางชีวภาพ,shēngwù de,sang1 mat6 dik1,,,
biaapv,adjective,scrawny,瘦弱,ผอมแห้ง,shòu ruò,sau3 joek6,,,
baeqc,adjective,white,白,สีขาว,bái,baak6,,,
aiv,adjective,short,矮,เตี้ย,ǎi,ai2,,,
aenh,adjective,short and chubby,矮胖,สั้นและอ้วนเตี้ย,ǎi pàng,ai2 bun6,,,
aav dangh,adjective,just a moment,稍等,รอสักครู่,shāo děng,saau2 dang2,,,
canh,adjective,be uncouth,粗鲁,หยาบคาย,cūlǔ,cou1 lou5,,,
beqv,adjective,urgent,紧急,เร่งด่วน,jǐnjí,gan2 gap1,,,
butv ga'sie-zungx,adjective,become bloated,腹胀,ท้องอืด,fùzhàng,fuk6 zoeng3,,,
ceng-hlo,adjective,conceited,自负,หยิ่ง,zìfù,zi6 fu6,,,
aaux lungh,adjective,weather change related health condition,节气病,โรคที่มากับการเปลี่ยนฤดูกาล,jiéqì bìng,zit3 hei3 beng6,,,
biqv,adjective,barren,荒芜,แห้งแล้ง,huāngwú,fong1 mou4,,,
bieqc,adjective,thin,薄,บาง,báo,bok6,,,
bouc,adjective,overprotective,过度保护,ปกป้องมากเกินไป,guòdù bǎohù,gwo3 dou6 bou2 wu6,,,
bamc,adjective,slow-witted,迟钝,เชื่องช้า/ทึบ,chí dùn,ci4 deon6,,,
bernx,adjective,dull,迟钝,เชื่องช้า,chídùn,ci4 deon6,,,
camv daic,adjective,so much,那么多,มากขนาดนั้น,nàme duō,naa6 me1 do1,,,
caqv,adjective,to be wrong,错误,ผิด,cuòwù,co3 ng6,,Literary,
ceiv,adjective,jagged,锯齿状,เป็นหยัก,jùchǐ zhuàng,geoi3 ci2 zong6,,,
buotv-buotv,adjective,very plump,闷屁,อ้วนมาก,féipàng,fei4 bong6,,,
beuh,adjective,silent anger,闷怒,โกรธเงียบ,mènnù,mun6 nou6,,,
biomx,adjective,shady,阴暗的,มืดครึ้ม,yīn’àn de,jam1 am3 dik1,,,
a'mangc,adjective,unsightly,难看,ดูไม่ดี,nánkàn,naan4 hon3,,,
bamc haic,adjective,very obtuse,非常愚钝,ทึบมาก,fēi cháng yú dùn,fei1 soeng4 jyu4 deon6,,,
buoz-zaux heng,adjective,dependable,靠得住,น่าเชื่อถือ,kàodezhù,kaau3 dak1 zyu6,,Idiom,
ceux,adjective,playful,顽皮,ซุกซน,wánpí,waan4 pei4,,,
beuv,adjective,to be full,饱,อิ่ม,bǎo,baau2,,,
a'hneiv,adjective,to be glad,高兴,ดีใจ,gāoxìng,gou1 hing3,,,
biaapc,adjective,pocked,麻脸,หน้าเป็นหลุม,máliǎn,maa4 lim2,,,
aqc,adjective,difficult,困难,ยาก,kùnnán,kwan3 naan4,,,
aqc div,adjective,dirty,脏,สกปรก,zāng,zong1,,Baby,
aqc mangc,adjective,ugly,丑,น่าเกลียด,chǒu,cau2,,,
aqc mangc,adjective,unsightly,不雅观,ดูไม่น่ามอง,bù yǎguān,bat1 ngaa5 gun1,,,
aqc muangx,adjective,unpleasant to listen,刺耳,ฟังไม่เพราะ,cì’ěr,ci3 ji5,,,
ciex,adjective,askew,歪斜,เอียง,wāixié,waai1 ce4,,,
cing,adjective,pure,纯,บริสุทธิ์,chún,seon4,,,
cing,adjective,clean,干净,สะอาด,gānjìng,gon1 zing6,,,
cing,adjective,clear,清楚,ชัดเจน,qīngchu,cing1 co2,,,
cing gitv,adjective,trouble-free,顺利,ราบรื่น,shùnlì,seon6 lei6,,,
cing gitv,adjective,uncomplicated,简单,ไม่ซับซ้อน,jiǎndān,gaan2 daan1,,,
cing-baeqc,adjective,transparent,透明,โปร่งใส,tòumíng,tau3 ming4,,,
cing-baeqc,adjective,completely clear,清澈,ใสแจ๋ว,qīngchè,cing1 cit3,,,
cing-cov,adjective,unambiguos,明确,ชัดเจน,míngquè,ming4 koek3,,,
cinx,adjective,meticulous,细致,ละเอียด,xìzhì,sai3 zi3,,,
cinx,adjective,detailed,详细,รายละเอียด,xiángxì,coeng4 sai3,,,
ciou,adjective,bent,弯曲,งอ,wānqū,waan1 kuk1,,,
ciou,adjective,warped,扭曲,บิดเบี้ยว,niǔqū,nau2 kuk1,,,
ciouv,adjective,fierce,凶猛,ดุร้าย,xiōngměng,hung1 maang5,,,
ciouv,adjective,mean,刻薄,ใจร้าย,kèbó,hak1 bok3,,,
ciouv,adjective,"vicious, violent",残暴,โหดร้าย,cánbào,caan4 bou6,,,
ciouv,adjective,violent,暴力,รุนแรง,bàolì,bou6 lik6,,,
ciqv,adjective,tangled,纠结,พันกัน,jiūjié,gau1 git3,,,
citv,adjective,pointed,尖,แหลม,jiān,zim1,,,
cong-mengh,adjective,wise,聪明,ฉลาด,cōngmíng,cung1 ming4,,,
cor,adjective,original,原始,ดั้งเดิม,yuánshǐ,jyun4 ci2,,Lit,
cor,adjective,ancient,古老,โบราณ,gǔlǎo,gu2 lou5,,Lit,
cor,adjective,first time,初次,ครั้งแรก,chūcì,co1 ci3,,Lit,
corx,adjective,dislocated,脱臼,ข้อเคลื่อน,tuōjiù,tyut3 gau6,,,
cou,adjective,coarse,粗糙,หยาบ,cūcāo,cou1 cou1,,,
cou,adjective,insensitive,麻木,เฉยชา,mámù,maa4 muk6,,,
cou-louz,adjective,rough somewhat attractive,粗犷,หยาบแต่มีเสน่ห์,cūguǎng,cou1 gwong2,,,
cov,adjective,clear,清晰,ชัด,qīngxī,cing1 sik1,,,
cov,adjective,sharp,锋利,คม,fēnglì,fung1 lei6,,,
cueix,adjective,fragile,脆弱,เปราะบาง,cuìruò,ceoi3 joek6,,,
cueix,adjective,delicate,娇嫩,บอบบาง,jiāonèn,giu1 nan6,,,
cueix,adjective,brittle,易碎,แตกง่าย,yìsuì,ji6 seoi3,,,
cuh,adjective,aloof,冷漠,เย็นชา,lěngmò,laang5 mok6,,,
cung,adjective,violent,暴力,รุนแรง,bàolì,bou6 lik6,,,
cuotv-hmien,adjective,assertive,强势,แข็งกร้าว,qiángshì,koeng4 sai3,,,
cuotv mengh,adjective,famous,有名,มีชื่อเสียง,yǒumíng,jau5 ming4,,,
cuotv mengh,adjective,popular,流行,เป็นที่นิยม,liúxíng,lau4 hing4,,,
cuotv mengh,adjective,welk-known,知名,เป็นที่รู้จัก,zhīmíng,zi1 ming4,,,
cutv,adjective,swirl continuous stream,漩涡状,หมุนวนต่อเนื่อง,xuánwō zhuàng,syun4 wo1 zong6,,,
da'gangx,adjective,opposite,相反,ตรงข้าม,xiāngfǎn,soeng1 faan2,,,
da'nziaaux,adjective,face up position,仰面,หงายหน้า,yǎngmiàn,joeng5 min6,,,
daaic,adjective,big,大,ใหญ่,dà,daai6,,Literary,
daaic,adjective,large,巨大,ใหญ่มาก,jùdà,geoi6 daai6,,Literary,
daaic,adjective,major.,主要,สำคัญ,zhǔyào,zyu2 jiu3,,Literary,
cuotv wuom-mueic,adjective,to tear,流泪,น้ำตาไหล,liúlèi,lau4 leoi6,,,
cing-nzengc,adjective,holy,神圣,ศักดิ์สิทธิ์,shénshèng,san4 sing3,,,
cinh-maanc,adjective,forbidden,禁止,ต้องห้าม,jìnzhǐ,gam3 zi2,,,
cie nquin,adjective,carsick,晕车,เมารถ,yùnchē,wan6 ce1,,,
a'cingx jang,adverb,awhile,一会儿,สักครู่,yīhuìr,jat1 wui6*2,,,
aav hitv dangh,adverb,a little while later,不一会儿,อีกไม่นาน,bù yīhuìr,bat1 jat1 wui6*2,,,
cenh,adverb,unevenly,不均匀,ไม่สม่ำเสมอ,bù jūnyún,bat1 gwan1 wan4,,,
ca'bouc,adverb,accidentally,不小心,โดยบังเอิญ,bù xiǎoxīn,bat1 siu2 sam1,,,
aengx,adverb,also,也,ก็...เช่นกัน,yě,jaa5,,,
aah loc,adverb,habitually,习惯性地,อย่างเคยชิน,xíguànxìng de,zaap6 gwaan3 sing3 dik1,,,
cien,adverb,"personally; personal, one's own",亲自,ด้วยตนเอง,qīnzì,can1 zi6,,,
caqv-bouc,adverb,accidentally,偶然,โดยบังเอิญ,ǒurán,ngau6 jin4,,,
aengx,adverb,again,再,อีกครั้ง,zài,zoi3,,,
aav lamh,adverb,almost,几乎,เกือบจะ,jīhū,gei1 fu1,,,
a'cingx,adverb,a while ago,刚才,เมื่อกี้,gāngcái,gong1 coi4,,,
a'jang,adverb,moment ago,刚才,เมื่อกี้,gāngcái,gong1 coi4,,,
aah loc,adverb,repeatedly,反复地,ซ้ำแล้วซ้ำอีก,fǎnfù de,faan2 fuk6 dik1,,,
aengx,adverb,and,和,และ,hé,wo4,,,
biuih,adverb,gushing,喷涌,พุ่ง,pēnyǒng,pan1 jung2,,,
ba'lorngh qorngh,adverb,long stride,大步,ก้าวยาว,dà bù,daai6 bou6,,,
cic cuonh,adverb,complete,完成,เสร็จสมบูรณ์,wánchéng,jyun4 sing4,,,
aav lamh,adverb,nearly,差不多,ใกล้จะ,chàbuduō,caa3 bat1 do1,,,
aah loc,adverb,often,常常,บ่อยๆ,chángcháng,soeng4 soeng4,,,
aav hitv deix,adverb,later on,待会儿,ไว้ครู่หลัง,dāi huìr,doi6 wui6*2,,,
aah loc,adverb,always,总是,เสมอ,zǒngshì,zung2 si6,,,
ba'norngz,adverb,swaying,摇摆,แกว่ง/โยก,yáo bǎi,jiu4 baai2,,,
baac ix,adverb,purposely,故意地,อย่างจงใจ,gùyì de,gu3 ji3 dik1,,,Chinese
caqv-bouc,adverb,unintentionally,无意,ไม่ตั้งใจ,wúyì,mou4 ji3,,,
caamx baav,adverb,temporarily,暂时,ชั่วคราว,zànshí,zaam6 si4,,,
beic-ndiev,adverb,secretly,暗中,แอบ ๆ,ànzhōng,am3 zung1,,,
baac ix,adverb,intentionally,有意地,อย่างตั้งใจ,yǒuyì de,jau5 ji3 dik1,,,Chinese
baac-baac,adverb,purposely,有目的地,อย่างมีจุดประสงค์,yǒu mùdì de,jau5 muk6 dik6 dik1,,,
ba'laqc,adverb,extremely,极其,อย่างยิ่ง,jí qí,gik6 kei4,,,
buoz-zaux sietv,adverb,anxiouly,焦虑,วิตกกังวล,jiāolǜ,ziu1 leoi6,,Idiom,
baac-baac,adverb,intentionally,特意,เป็นพิเศษ,tèyì,dak6 ji3,,,
biaengh,adverb,appeared suddenly,突然出现,ปรากฏขึ้นทันที,tūrán chūxiàn,dat6 jin4 ceot1 jin6,,,
baeqc,adverb,freely,自由地,อย่างอิสระ,zì yóu de,zi6 jau4 dik1,,,
baeqc-baeqc,adverb,freely,自由地,อย่างอิสระ,zì yóu de,zi6 jau4 dik1,,,
baac ix,adverb,deliberately,蓄意地,อย่างไตร่ตรอง,xùyì de,cuk1 ji3 dik1,,,Chinese
aav hitv,adverb,later while,过一会儿,อีกสักครู่,guò yīhuìr,gwo3 jat1 wui6*2,,,
ba'laqc,adverb,overly,过于,มากเกินไป,guò yú,gwo3 jyu1,,,
ba'laqc,adverb,excessively,过度,เกินพอดี,guò dù,gwo3 dou6,,,
aah loc,adverb,frequently,频繁地,ถี่ๆ / เป็นประจำ,pínfán de,pan4 faan4 dik1,,,
cih,adverb,intensifier for ceiv uneven,非常不,ไม่อย่างยิ่ง,fēicháng bù,fei1 soeng4 bat1,,,
cin-maanc,adverb,absolutely not,绝不,เด็ดขาดไม่,juébù,zyut6 bat1,,,
cin-maanc,adverb,definitely,肯定,แน่นอน,kěndìng,hang2 ding6,,,
cin-maanc cin,adverb,never,从不,ไม่เคย,cóngbù,cung4 bat1,,,
citv,adverb,walk or run quickly,快步,เดิน/วิ่งเร็ว,kuàibù,faai3 bou6,,,
coqv-hoqc,adverb,just (recent time),刚刚,เพิ่ง,gānggāng,gong1 gong1,,,
coqv jang,adverb,just short while ago,刚才,เมื่อครู่,gāngcái,gong1 coi4,,,
cor-zinh,adverb,originally,原本,เดิมที,yuánběn,jyun4 bun2,,Lit,
cor-zinh,adverb,ancient times,古时,สมัยโบราณ,gǔshí,gu2 si4,,Lit,
corc,adverb,still,仍然,ยังคง,réngrán,jing4 jin4,,,
corngh,adverb,"intensifier for baac, ""finished.""",已毕,เสร็จสิ้นแล้ว (ตัวเน้น “เสร็จ”),yǐ bì,ji5 bit3,,,
cu-cu-mu-mu,adverb,silently,悄悄,อย่างเงียบ,qiāoqiāo,ciu1 ciu1,,,
cu-cu-mu-mu,adverb,stealthily,偷偷,อย่างลับๆ,tōutōu,tau1 tau1,,,
cung,adverb,exceedingly,极其,อย่างยิ่ง,jíqí,gik6 kei4,,,
cung,adverb,very,非常,มาก,fēicháng,fei1 soeng4,,,
cingx,adverb,then,然后,แล้ว,ránhòu,jin4 hau6,,,
cin-gic,adverb,absolutely,绝对,อย่างยิ่ง,juéduì,zyut6 deoi3,,,
cin-gic,adverb,definitely,肯定,แน่นอน,kěndìng,hang2 ding6,,,
corc-se,adverb,even,甚至,แม้กระทั่ง,shènzhì,sam6 zi3,,,
corc-se,adverb,still,仍然,ยังคง,réngrán,jing4 jin4,,,
ba',prefix,"bound form prefixed to several time words to indicate former, previous, last.",前 (เช่น 前天),ก่อน (เช่น วันก่อน),"qián (e.g., qiántiān)","cin4 (e.g., cin4 tin1)",,,
hanh,noun,child with just one or no parents,孤儿,เด็กกำพร้า,gū ér,gu1 ji4,,,
ba'juonh,classifierd,classifier for punches or blows with fist.,拳（量词）,ลักษณนาม “หมัด/ครั้ง”,quán,kyun4,,,
biaav,classifierd,classifier for hitting with a stick,棒（量词）,ลักษณนามตี,bàng,bong6,,,
benx-zuqc,conjunction,because,因为,เพราะว่า,yīnwèi,jan1 wai6,,,
beih,exclamation,"exclamation for ""peek-a-boo""",偷偷地,แอบดู,tōutōu de,tau1 tau1 dik1,,,
aav,exclamation,"wow, oh, hey. Used to indicate surprise, exasperation or irritability.",哎呀,โอ๊ย (แปลกใจ/หงุดหงิด),āiyā,aai1 aa1,,,
aav lov,exclamation,used to indicate surprise; (2) used to add urgency or forcefulness to statement or command.,哎呀 (1.แปลกใจ 2.เร่งด่วน),โอ๊ย! (1.แปลกใจ 2.เร่งด่วน/บังคับ),āiyā (1. surprise 2. urgency),aai1 aa1,,,
aa yaav,exclamation,"used to indicate surprise, disappointment, or dismay.",哎呀！,โอ๊ย! / ตายแล้ว! (แปลกใจ/ผิดหวัง),āiyā!,aai1 aa1!,,,
aav yov,exclamation,"used to indicate sudden pain, hurt, or discomfort, as by sudden pain or shock.",哎哟 (เจ็บทันที),อุ๊ย! (เจ็บ/ช็อคทันที),āiyō (sudden pain),aai1 jo1,,,
aa yoz,exclamation,ouch!,哎哟！ (痛),อุ๊ย! (เจ็บ),āiyō!,aai1 jo1!,,,
aih,exclamation,Oh,哦 (รู้สึกตัว),โอ้ (รู้สึกตัว),ò,o4,,,
aeh,exclamation,sound used when rocking or quieting baby.,哦哦 (กล่อมเด็ก),โอ๋โอ๋ (เสียงกล่อมเด็ก),ò ò (rocking baby),o4 o4,,,
aa yuv,exclamation,"used to indicate pain, surprise, dismay, or fear, usually with something strange, unusual, or frightening.",啊！,อุ้ย! / ว้าย! (เจ็บ/ตกใจ/กลัว ตอนเห็นสิ่งแปลก),ā!,aa1!,,,
aiqc,exclamation,Yeah,嗯 (ตอบรับ),อืม (ตอบรับ),èn,ng6,,,
aax,exclamation,"used as acknowledgement of hearing one's name called and, in turn, questioning the caller.",嗯？ (เรียกตอบ),ฮะ? (ตอบรับเมื่อมีคนเรียก),èn? (acknowledgement),ng2?,,,
aah yiz,exclamation,used to indicate fear and uncertainty about what to do,怎么办啊…,ทำไงดีอะ… (กลัว/ไม่แน่ใจ),zěnme bàn a...,zam2 mo1 baan6 aa1...,,,
aayoh,exclamation,ouch,痛！,โอ๊ย! (เจ็บ),tòng!,tung3!,,,
aa yaah,exclamation,"used to add urgency or forcefulness to statement, particularly when something serious has happened.",真是的！,ให้ตายสิ! (บ่งบอกความเร่งด่วน/รุนแรง),zhēn shì de!,zan1 si6 dik1!,,,
aa,exclamation,used to indicate desire or pleading request.,求,ขอร้อง,qiú,kau4,,,
aa,exclamation,used to introduce one's opinion or remarks.,我认为,ข้าพเจ้าคิดว่า,wǒ rènwéi,ngo5 jam6 wai4,,,
cie-waen,noun,horn for vehicle,汽车喇叭,แตรรถ,qìchē lǎba,hei3 ce1 laa3 baa1,,,
bui,classifierd,classifier for throws of the divination pieces,世代,รุ่น,shìdài,sai3 doi6,,,
bom,classifierd,classifier for plants that grow in clumps,丛（量词）,ลักษณนามเป็นกอ,cóng,cung4,,,
biongc,classifierd,classifier for things in bunches and hanging down,串（量词）,ลักษณนามเป็นพวง,chuàn,cyun3,,,
baaih,classifierd,classifierjewelry or ornaments,件 (เครื่องประดับ),ชิ้น (สำหรับเครื่องประดับ),jiàn,gin6,,,
buonc,classifierd,classifier for portions or shares,份（量词）,ลักษณนามส่วนแบ่ง,fèn,fan6,,,
buon,classifierd,classifier for minutes or souls,分（量词）,ลักษณนามนาที / วิญญาณ,fēn,fan1,,,
beu,classifierd,package classifier,包（量词）,ลักษณนามห่อ,bāo,baau1,,,
ciangv,classifierd,"classifier for battles, wars",场（量词）,ลักษณนามศึก,chǎng,coeng4,,,
buv,classifierd,classifier for times or sessions of gambling,局（量词）,ลักษณนามตาการพนัน,jú,guk6,,,
biauv,classifierd,classifier for households,户（量词）,ลักษณนามครัวเรือน,hù,wu6,,,
buonc,classifierd,classifier for families or households,户（量词）,ลักษณนามครัวเรือน,hù,wu6,,,
baengx,classifierd,classifier for objects with handle ,把（量词）,ลักษณนาม “ด้าม/อัน”,bǎ,baa2,,,
bouv,classifierd,classifier for strokes of ax,斧（量词）,ลักษณนามฟันขวาน,fǔ,fu2,,,
buonv,classifierd,classifier for books,本（量词）,ลักษณนามหนังสือ,běn,bun2,,,
baav,classifierd,"classifier for bundles, bunches, or sets",束 (มัด/ชุด),มัด / ชุด (ลักษณนาม),shù,cuk1,,,
bui,classifierd,classifier for cups of liquid,棉花,ฝ้าย,miánhuā,min4 faa1,,,
buoqv,classifierd,"classifier for entire areas, sections, sides, zones, or group of items",片（量词）,ลักษณนามพื้นที่/ส่วน,piàn,pin3,,,
bienh,classifierd,plateful classifier,盘（量词）,ลักษณนามจาน,pán,pun4,,,
buangc,classifierd,"classifier for bamboo ties, stitches, sutures",缝合,เย็บ,fénghé,fung4 hap6,,,
bungh,classifierd,classifier for hives,蜂巢（复）,รังผึ้ง,fēngcháo,fung1 caau4,,,
cie,classifierd,classifier for truckloads,车（量词）,ลักษณนามรถบรรทุก,chē,ce1,,,
benv,classifierd,"classifier for flat surfaces, opened pages",量词（张）,ลักษณนามแผ่น,zhāng,zoeng1,,,
bin,classifierd,classifier for whip count,鞭（量词）,ลักษณนามแส้,biān,bin1,,,
ciux,classifierd,classifier for lengths of thread or yarn tied up in small skeins,绞（量词）,ลักษณนามมัดด้าย,jiǎo,gaau2,,,
congx,classifierd,classifier for shots from gun,发（量词）,ลักษณนามนัดยิง,fā,faat3,,,
biongc,noun,bunch hanging,一串,พวง,yī chuàn,jat1 cyun3,,,
baan,noun,generation,一代人,รุ่น/ยุค,yīdài rén,jat1 doi6 jan4,,,
caamx baav,noun,some period of time,一段时间,ระยะเวลาหนึ่ง,yí duàn shíjiān,jat1 dyun6 si4 gaan1,,,
bangx,noun,a type palm tree,一种棕榈树,ปาล์มชนิดหนึ่ง,yì zhǒng zōng lǘ shù,jat1 zung2 zung1 leoi4 syu6,,,
cietv maiv mingh betv maiv nzuonx,noun,don't go on the seven and don't return on the eigth,七去八不归,ห้ามเดินวันที่เจ็ด,qī qù bā bù guī,cat1 heoi3 baat3 bat1 gwai1,,Idiom,
cietv hlaax,noun,the seventh month,七月,เดือนเจ็ด,qī yuè,cat1 jyut6,,,
cietv hlaax ziepc feix,noun,the fourteenth day of the seventh month holiday,七月十四,วันสารทจีน,qī yuè shísì,cat1 jyut6 sap6 sei3,,,
cietv-fing dang,noun,seven-stemmed ordination ritual candelabra.,七枝灯架,เชิงเทียนเจ็ดก้าน,qī zhī dēngjià,cat1 zi1 dang1 gaa3,,,
cietv mbaeqv,noun,the seven life spirits of human,七魂,เจ็ดวิญญาณชีวิต,qī hún,cat1 wan4,,,
Aav Saan,noun,Third Son (name),三儿子 (名字),ลูกชายคนที่สาม (ชื่อ),sān érzi (míngzi),saam1 ji4 zi2 (meng4 zi6),,,
caeng-jaax,noun,tripod,三脚架,ขาตั้งสามขา,sānjiǎojià,saam1 gok3 gaa3,,,
buo bung gorqv,noun,triangle,三角形,สามเหลี่ยม,sānjiǎoxíng,saam1 gok3 jing4,,,
buic,noun,generation,上鞍,ใส่อาน,shàng ān,soeng6 on1,,,
baeqc ziangh zeiz,noun,uncertain,不确定,ไม่แน่ใจ,bù què dìng,bat1 kok3 ding6,,,
caauv ziangh,noun,"the second period of the day, 1:00 to 3:00 a.m.",丑时,ยามตีหนึ่งถึงตีสาม,chǒu shí,cau2 si4,,,
bengv-deng,noun,"third and fourth Heavenly Stems of Mien calendar representing the south, the element fire, and Mars",丙丁（南、火、火星）,ทิศใต้ ธาตุไฟ ดาวอังคาร,bǐng dīng,bing2 ding1,,,
bengv-yienh,noun,third Heavenly Stem and the third Earthly Branch of Mien calendar,丙寅,ปีปิ่งอิ๋น,bǐngyín,bing2 jan4,,,
bengv-yienh hnyangx,noun,third Heavenly Stem and the third Earthly Branch years in Mien calendar,丙寅年,ปีปิ่งอิ๋น,bǐngyín nián,bing2 jan4 nin4,,,
bom,noun,clump,丛,กระจุก,cóng,cung4,,,
baqv-dong bung,noun,northeast,东北,ทิศตะวันออกเฉียงเหนือ,dōngběi,dung1 bak1,,,
buon,noun,a unit of weigth,两,หน่วยน้ำหนัก (ตำลึง),liǎng,loeng5,,,
camx hnaangx,noun,funeral ceremony ritual meals for the living family members and relatives to offer ritual money to the deceasded and for the spirit of the deceased to bless the livings.,丧宴,อาหารพิธีศพ,sāngyàn,song1 jin3,,,
aanx,noun,midday,中午,ตอนเที่ยง,zhōngwǔ,zung1 ng5,,,
buoz-ndoqv-mbungv,noun,phalanges,中指,ข้อนิ้ว,zhǐgǔ,zi2 gwat1,,,
baengc-mbai,noun,stroke,中风,โรคหลอดเลือดสมอง (สโตรก),zhòng fēng,zung1 fung1,,,
biomx,noun,temporary covered shelter to hide,临时遮棚,เพิงชั่วคราว,línshí zhēpéng,lam4 si4 ze1 paang4,,,
biaa bung-weic,noun,five cardinal directions,五方,ห้าทิศ,wǔ fāng,ng5 fong1,,,
cien,noun,kin,亲属,ญาติ,qīnshǔ,can1 suk6,,,
cien-ceqv,noun,relative,亲戚,ญาติ,qīnqi,can1 cik1,,,
cien dorn,noun,biological son,亲生子,ลูกแท้,qīnshēng zǐ,can1 sang1 zi2,,,
cien diex maac,noun,biological parents,亲生父母,พ่อแม่แท้,qīnshēng fùmǔ,can1 sang1 fu6 mou5,,,
baeqv-fingx,noun,population,人口,ประชากร,rén kǒu,jan4 hau2,,,
bou,noun,servant,仆人,คนรับใช้,púrén,buk6 jan4,,,
Aa Maa,noun,Mommy,今天早上,เมื่อเช้านี้,jīntiān zǎoshang,gam1 tin1 zou2 soeng6,,,
a'ndorm,noun,earlier past morning,今早更早些时候,เมื่อเช้ามืด,zǎo xiē de shàngwǔ,zou2 se1 dik1 soeng6 ng5,,,
a'nziaauc doic,noun,mate,伙伴,คู่หู,huǒbàn,fo2 bun6,,,
baengc-nyiez,noun,contagious disease,传染病,โรคติดต่อ,chuán rǎn bìng,cyun4 jim5 beng6,,,
baengc-fei,noun,communicable disease,传染病；细菌、病毒,"โรคติดต่อ; แบคทีเรีย, ไวรัส","chuán rǎn bìng; xì jūn, bìng dú","cyun4 jim5 beng6; sai3 kwan2, beng6 duk6",,,
baeqv-ong,noun,uncle term for paternal grandfater's older brother,伯祖父,ลุงทวด (พี่ชายของปู่),bó zǔ fù,baak3 zou2 fu6,,,
baaic,noun,cause shame,使羞愧,ทำให้อับอาย,shǐ xiūkuì,si2 sau1 kwai5,,,
beu sengh sou,noun,insurance policy,保险单,กรมธรรม์ประกันภัย,bǎoxiǎn dān,bou2 him2 daan1,,,
aengv,noun,reflection,倒影,ภาพสะท้อน,dàoyǐng,dou3 jing2,,,
buangc,noun,stitch,倚,พิง,yǐ,ji2,,,
biauv-namx,noun,mortuary,停尸房,ห้องเก็บศพ,tíngshī fáng,ting4 si1 fong4,,,
Aa Dorn,noun,Son,儿子,ลูกชาย,érzi,ji4 zi2,,,
Aa Guv,noun,Son (name),儿子 (姓名),ลูกชาย (ชื่อ),érzi (xìngmíng),ji4 zi2 (sing3 ming4),,,
buix zaangc,noun,behind,允许,อนุญาต,yǔnxǔ,wan5 heoi2,,Literary,
a'nziaauc doic,noun,buddy,兄弟,เพื่อน (แบบสนิท),xiōngdì,hing1 dai6*2,,,
Ca'mangv,noun,Khmu,克木族,ชาวเขมุ,Kèmù zú,hak1 muk6 zuk6,,,
ndie-nqaeqv,noun,immunization,免疫,ภูมิคุ้มกัน,miǎn yì,min5 jik6,,,
Betv Fin,noun,the Eight Taoist Immortals,八仙,แปดเซียน,bā xiān,baat3 sin1,,,
betv gorqv,noun,the eight directions of the compass,八方,แปดทิศ,bā fāng,baat3 fong1,,,
betv hlaax,noun,Eighth Month,八月,เดือนแปด,bā yuè,baat3 jyut6,,,
betv baeqv,noun,eight hundred,八百,แปดร้อย,bā bǎi,baat3 baak3,,,
cie-dorh mienh,noun,bus,公交车,รถบัส,gōngjiāo chē,gung1 gaau1 ce1,,,
baeqv-fingx,noun,public,公众,สาธารณชน,gōng zhòng,gung1 zung3,,,
borngv,noun,proclamation,公告,ประกาศ,gōnggào,gung1 gou3,,,
a'nziaauc dorngx,noun,"playground, park, recreation area",公园/游乐场,สวนสาธารณะ/สนามเด็กเล่น,gōngyuán / yóulèchǎng,gung1 jyun4*2 / jau4 lok6 coeng4,,,
aapv-gorngx,noun,drake,公鸭,เป็ดตัวผู้,gōng yā,gung1 aap3*2,,,
baamz,noun,offending act,冒犯行为,การกระทำที่ล่วงเกิน,màofàn xíngwéi,mou6 faan6 hang4 wai4,,,
baeng-ciangv,noun,military base,军事基地,ฐานทัพ,jūn shì jī dì,gwan1 si6 gei1 dei6,,,
baeng-bieiv,noun,military leader,军事领袖,ผู้นำทางทหาร,jūn shì lǐng xiù,gwan1 si6 ling5 sau3,,,
baeng-maanh,noun,military force,军力,กำลังทหาร,jūn lì,gwan1 lik6,,,
baeng-ciangv,noun,military camp,军营,ค่ายทหาร,jūn yíng,gwan1 jing4,,,
baeng-zaamc,noun,military base or camp,军营或基地,ค่ายหรือฐานทัพ,jūn yíng huò jī dì,gwan1 jing4 waak6 gei1 dei6,,,
baeng-ndau,noun,army,军队,กองทัพ,jūn duì,gwan1 deoi6,,,
borqc,noun,hail,冰雹,ลูกเห็บ,bīngbáo,bing1 baau4,,,
buonv-suonc mienh,noun,calm person,冷静的人,คนใจเย็น,lěngjìng de rén,laang5 zing6 dik1 jan4,,,
ba'hnoi,noun,days or months ago,几天或几个月前,หลายวันหรือหลายเดือนก่อน,jǐ tiān huò jǐ gè yuè qián,gei2 tin1 waak6 gei2 go3 jyut6 cin4,,,
bauc,noun,bulge,凸起,นูน/โป่ง,tū qǐ,dat6 hei2,,,
bun-zorng,noun,divide up,分开,แบ่ง,fēnkāi,fan1 hoi1,,,
caax,noun,branching,分枝,แตกกิ่ง,fēnzhī,fan1 zi1,,,
baah,noun,grader,分级机,เครื่องแบ่งระดับ,fēnjí jī,fan1 kap1 gei1,,,
baah,noun,scraper,刮刀,มีดขูด,guādāo,gwaat3 dou1,,,
a'muangx,noun,unpleasant to listen,刺耳,ฟังไม่ไพเราะ,cì'ěr,ci3 ji5,,,
ba'hnoi haaix,noun,some days ago,前几天,เมื่อสองสามวันก่อน,qián jǐ tiān,cin4 gei2 tin1,,,
cie-dang,noun,headlight,前灯,ไฟหน้า,qiándēng,cin4 dang1,,,
buoz-sei-quotv,noun,elbow,前臂,ศอก,zhǒu,zau2,,,
buoz-sei-zungx,noun,forearm,前臂,ท่อนแขน,qiánbì,cin4 bei6,,,
borng-buoz mienh,noun,aide,助手,ผู้ช่วย,zhùshǒu,zo6 sau2,,,
borng-buoz mienh,noun,assistant,助理,ผู้ช่วย,zhùlǐ,zo6 lei5,,,
ba'gern,noun,spoon,勺子,ช้อน,sháo zi,soek3 zi2,,,
baqv,noun,north,北,เหนือ,běi,bak1,,,
baqv bung,noun,north,北,ทิศเหนือ,běi,bak1,,,
Baqv-Ging,noun,Beijing,北京,ปักกิ่ง,Běi jīng,bak1 ging1,,,
aanx,noun,half day,半天,ครึ่งวัน,bàntiān,bun3 tin1,,,
cie-dorz ga'naaiv,noun,truck,卡车,รถบรรทุก,kǎchē,kaa1 ce1,,,
caeng-yienv,noun,kitchenware,厨具,เครื่องครัว,chújù,cyu4 geoi6,,,
caeng-dangx,noun,kitchen shelves,厨房架,ชั้นครัว,chúfáng jià,cyu4 fong4 gaa3,,,
caeng-nzormc longz,noun,kitchen cabinets,厨柜,ตู้ครัว,chúguì,cyu4 gwai6,,,
ba'hnyangx,noun,last year,去年,ปีที่แล้ว,qù nián,heoi3 nin4,,,
caax,noun,fork,叉,ง่าม,chā,caa1,,,
a'nziaauc doic,noun,friend,友人,มิตร,yǒurén,jau5 jan4,,,
cie-jakv,noun,engine for vehicle,发动机,เครื่องยนต์,fādòngjī,faat3 dung6 gei1,,,
butv-gangh,noun,delayed growth,发育迟缓,การเจริญเติบโตช้า,fā yù chí huǎn,faat3 juk6 ci4 wun6,,,
buoz-daauh,noun,workmanship,右手,ฝีมือ,gōngyì,gung1 ngai6,,,
cie-jien,noun,driver,司机,คนขับ,sījī,si1 gei1,,,
baan,noun,cohort,同伙,กลุ่มพรรคพวก,tónghuǒ,tung4 fo2,,,
cien bungh buonc,noun,people of the same clan,同宗人,คนตระกูลเดียวกัน,tóngzōng rén,tung4 zung1 jan4,,,
biomv faatv,noun,blow magic spell,吹咒,คาถาเป่า,chuīzhòu,ceoi1 zau3,,,
biomv faatv,noun,blowing magic spell,吹法,เวทเป่า,chuīfǎ,ceoi1 faat3,,,
biomv mba'biei ga'naaiv,noun,hair dryer,吹风机,ไดร์เป่าผม,chuīfēngjī,ceoi1 fung1 gei1,,,
baengh orn,noun,peace,和平,สันติภาพ,hé píng,wo4 ping4,,,
baengc-hnopv,noun,coughing illness,咳嗽病,โรคไอ,ké sòu bìng,kat1 sau3 beng6,,,
a'nziaauc doic,noun,buddy,哥儿们,เพื่อนชาย,gērmen,go1 jan4*2,,,
Aa Gorx,noun,Older Brother,哥哥,พี่ชาย,gēge,go4 go1,,,
baengc-njortc,noun,ashtma,哮喘,โรคหืด,xiào chuǎn,haau1 cyun2,,,
ba'ingv,noun,fowl crop,嗉囊,กระเพาะพักอาหารของนก,sù náng,sou3 nong4,,,
Aa Feix,noun,Fourth Daughter (name),四女儿 (姓名),ลูกสาวคนที่สี่ (ชื่อ),sì nǚ'ér (xìngmíng),sei3 neoi5 ji4 (sing3 ming4),,,
biei bung-weic,noun,four cardinal directions,四方,สี่ทิศ,sì fāng,sei3 fong1,,,
buoz-zaux,noun,limbs,四肢,แขนขา,sìzhī,sei3 zi1,,,
buoz-zaux nyuix,noun,tiring limbs,四肢乏力,แขนขาอ่อนล้า,sìzhī fálì,sei3 zi1 fat6 lik6,,,
buoz-zaux hlam,noun,aching limbs,四肢酸痛,ปวดเมื่อยแขนขา,sìzhī suāntòng,sei3 zi1 syun1 tung3,,,
buic,noun,cotton,回报,ตอบแทน,huíbào,wui4 bou3,,,
buonv-deic jien,noun,local official,地方官员,เจ้าหน้าที่ท้องถิ่น,dìfāng guānyuán,dei6 fong1 gun1 jyun4,,,
baeqv-muoz-doic,noun,cousins from father's side,堂兄弟姐妹,ลูกพี่ลูกน้องฝ่ายพ่อ,táng xiōng dì jiě mèi,tong4 hing1 dai6 ze2 mui6,,,
janx-daic deic,noun,cemetery,墓地,สุสาน,mùdì,mou6 dei6,,,
baeng,noun,soldier,士兵,ทหาร,shìbīng,si6 bing1,,,
baengh buoz,noun,kettle handle,壶把,หูจับกาน้ำ,hú bǎ,wu4 baa2,,,
beih,noun,exterior,外部,ภายนอก,wàibù,ngoi6 bou6,,,
baeqv,noun,uncle term for husband's older brother or relatives of the same generation,大伯,พี่ชายของสามี,dà bó,daai6 baak3,,,
baeng-maaz,noun,troops,大军,กองทัพใหญ่/ไพร่พล,dà jūn,daai6 gwan1,,,
baanx,noun,majority,大多数,ส่วนใหญ่,dàduōshù,daai6 do1 sou3,,,Chinese
bienh,noun,platter,大盘,ถาดใหญ่,dàpán,daai6 pun4,,,
camb zuih,noun,thigh,大腿,ต้นขา,dàtuǐ,daai6 teoi2,,,
buonv-zeic,noun,inate ability,天赋,ความสามารถโดยกำเนิด,tiānfù,tin1 fu3,,,
biauv-namx,noun,morgue,太平间,ห้องดับจิต,tàipíngjiān,taai3 ping4 gaan1,,,
auv-nqox doic,noun,married couple,夫妇,สามีภรรยา,fūfù,fu1 fu6*2,,,
cai-doix,noun,married couple,夫妻,คู่สมรส,fūqī,fu1 cai1,,,
bieiv,noun,head,头,หัว,tóu,tau4,,,
biei,noun,hair,头发,ผม,tóufa,tau4 faat3,,,
Aa Sieqv,noun,Daugter nickname,女儿昵称,ชื่อเล่นลูกสาว,nǚ'ér nìchēng,neoi5 ji4 nik1 cing1,,,
baengh orn,noun,well,好,ดี,hǎo,hou2,,,
Aa Maa,noun,Mom,妈咪,มามี้,māmī,maa1 mi1,,,
Aa Liuz,noun,End Daughter (name),妈妈,แม่,māma,maa4 maa1,,,
auv-jueiv,noun,wife and children,妻儿,ภรรยาและลูก,qī'ér,cai1 ji4,,,
auv,noun,wife,妻子,ภรรยา,qīzi,cai1 zi2,,,
cai,noun,wife,妻子,ภรรยา,qīzi,cai1 zi2,,Literary,
auv-dorn,noun,second wife,妾,ภรรยาน้อย/เมียรอง,qiè,cip3,,,
Aa Dorc,noun,Older Sister,姐姐,พี่สาว,jiějie,ze4 ze2,,,
bueiv,noun,term for wife's older sister's husband,姨公丈,ผัวป้าทวด,yígōngzhàng,ji4 gung1 zoeng6,,,
Aa Nyienx,noun,Active Child (name),娇小的孩子昵称,ชื่อเล่นเด็กตัวเล็ก,jiāoxiǎo de háizi nìchēng,giu1 siu2 dik1 haai4 zi2 nik1 cing1,,,
a'nziaauc dorngx,noun,play area,娱乐区,บริเวณพักผ่อนหย่อนใจ,yúlè qū,jyu4 lok6 keoi1,,,
nzung cenv,noun,complimentary song sung at wedding,婚礼贺歌,เพลงชมในงานแต่ง,hūnlǐ hègē,fan1 lei5 ho6 go1,,,
aa ndorm,noun,this past morning,孩子 (姓名),ลูก (ชื่อ),háizi (xìngmíng),haai4 zi2 (sing3 ming4),,,
Baan-bouc fin-saeng,noun,the keeper at the entrance to the spirit world.,守门人 (通往冥界),ผู้เฝ้าประตู (สู่โลกวิญญาณ),shǒuménrén,sau2 mun4 jan4,,,
baengh orn,noun,well-being,安康,ความผาสุก,ān kāng,on1 hong1,,,
bungx bangx,noun,constipation,安心,สบายใจ,ānxīn,on1 sam1,,,
baac,noun,done,完成了,เสร็จแล้ว,wánchéng le,jyun4 sing4 liu5,,,
bung,noun,direction,宗族,สายตระกูล,zōngzú,zung1 zuk6,,,
baauv,noun,precious,宝贵的,ล้ำค่า,bǎoguì de,bou2 gwai3 dik1,,,Chinese
biauv,noun,home,家,บ้าน,jiā,gaa1,,,
baengh,noun,containe,容器,ภาชนะ,róng qì,jung4 hei3,,,
caanv,noun,broad chisel,宽凿,สิ่วกว้าง,kuān záo,fun1 zok6,,,
auv-guaav,noun,widow,寡妇,แม่หม้าย,guǎfù,gwaa2 fu6,,,
cie-dorn,noun,small vehicle,小型车,รถเล็ก,xiǎoxíng chē,siu2 jing4 ce1,,,
aa jang,noun,a moment ago,小女儿 (姓名),ลูกสาวคนเล็ก (ชื่อ),xiǎo nǚ'ér (xìngmíng),siu2 neoi5 ji4 (sing3 ming4),,,
Aa Div,noun,petite girl nickname,小女孩昵称,ชื่อเล่นเด็กผู้หญิงตัวเล็ก,xiǎo nǚhái nìchēng,siu2 neoi5 haai4 nik1 cing1,,,
Aa Nyingv,noun,petite child nickname,小孩昵称 (娇小),ชื่อเล่นเด็กตัวเล็ก,xiǎo hái nìchēng (jiāoxiǎo),siu2 haai4 nik1 cing1 (giu1 siu2),,,
buoz-ndoqv,noun,finger,小指,นิ้วมือ,shǒuzhǐ,sau2 zi2,,,
bouv,noun,hatchet,小斧,ขวานเล็ก,xiǎo fǔ,siu2 fu2,,Baby,
aapv-jaanx,noun,young female duck,小母鸭,เป็ดตัวเมียอายุน้อย,xiǎo mǔ yā,siu2 mou5 aap3*2,,,
baengc,noun,ailment,小病,อาการเจ็บป่วยเล็กน้อย,xiǎo bìng,siu2 beng6,,,
baeqc yieqc,noun,small white or tmoth,小白蛾,ผีเสื้อกลางคืนสีขาวตัวเล็ก,xiǎo bái é,siu2 baak6 ngo4,,,
aetv,noun,small bamboo basket,小竹篮,ตะกร้าไม้ไผ่เล็กๆ,xiǎo zhú lán,siu2 zuk1 laam4*2,,,
aapv-dorn,noun,duckling,小鸭,ลูกเป็ด,xiǎo yā,siu2 aap3*2,,,
biaav-ndorqc,noun,ruler,尺,ไม้บรรทัด,chǐ,cek3,,,
aapv ngorh,noun,peak of roof,屋脊,จุดสูงสุดของหลังคา,wūjǐ,uk1 zek3,,,
buoz-beu,noun,cast for broken arm,工艺,เฝือก,shígāo,sek6 gou1,,,
buoz-zuih,noun,front left and shoulder of animal,左前肩,ไหล่ซ้ายด้านหน้า (สัตว์),zuǒ qián jiān,zo2 cin4 gin1,,,
buoz,noun,hand,左手,มือ,shǒu,sau2,,,
buoz-zaaix,noun,left hand,左手,มือซ้าย,zuǒshǒu,zo2 sau2,,,
caeng,noun,skillet,平底锅,กระทะ,píngdǐ guō,ping4 dai2 wo1,,,
aengv-njoiz,noun,apparition.,幻影 / 幽灵,ภาพลวงตา / ผี (วิญญาณที่ปรากฏ),huànyǐng / yōulíng,waan6 jing2 / jau4 ling4,,,
biauv fangx zaangc,noun,architect,建筑师,สถาปนิก,jiànzhù shī,gin3 zuk1 si1,,,
a'nziaauc waac,noun,joke,开玩笑,ล้อเล่น,kāi wánxiào,hoi1 waan4*2 siu3,,,
cie,noun,engine,引擎,เครื่องยนต์,yǐnqíng,jan5 king4,,,
buic-zatv-huv,noun,"octopus, giant squid",归还,คืน,guīhuán,gwai1 waan4,,,
buoqc-mouz zinh,noun,payment made to the bride's parents on her wedding day to compensate them for raising her,彩礼,เงินสินสอด,cǎilǐ,coi2 lei5,,,
Bungz,noun,Bungz clan name,彭（姓）,แซ่บัง (Bungz),Péng,paang4,,,
aamx sou,noun, photocopy,影印,ถ่ายเอกสาร,yǐngyìn,jing2 jan3,,,
a'nziaauc baengc,noun,venereal disease.,性病,โรคติดต่อทางเพศ,xìngbìng,sing3 beng6,,,
baengc mienh,noun,patient,患者,ผู้ป่วย,huàn zhě,wun6 ze2,,,
cietv nzauh betv yieqv,noun,overwhelming sorry and misery,悲痛欲绝,ทุกข์ระทม,bēitòng yùjué,bei1 tung3 juk6 zyut6,,Idiom,
Aa Nyanv,noun,thin boy nickname,我的,ของฉัน,wǒ de,ngo5 dik1,,,
buoz-ndoqv-nyeiz,noun,the thumb,戒指,นิ้วหัวแม่มือ,mǔzhǐ,mou5 zi2,,,
biauv-ziouv,noun,head of household,户主,หัวหน้าครัวเรือน,hùzhǔ,wu6 zyu2,,,
biauv zong,noun,household.,户口,ครัวเรือน,hùkǒu,wu6 hau2,,,
biauv-ziouv,noun,homeowner,房主,เจ้าของบ้าน,fángzhǔ,fong4 zyu2,,,
bauv,noun,house,房子,บ้าน,fáng zi,fong2 zi2,,Baby,
biauv,noun,house,房子,บ้าน,fángzi,fong4 zi2,,,
baengh,noun,flask,扁壶,กระติกแบน/ฟลาสก์,biǎn hú,bin2 wu4,,,
buoz-kaux,noun,handcuffs,手套,กุญแจมือ,shǒukào,sau2 kaau3,,,
buoz-topv,noun,gloves,手套,ถุงมือ,shǒutào,sau2 tou3,,,
buoz-mueic,noun,wrist joint,手指,ข้อมือ,wànguānjié,waan6 gwaan1 zit3,,,
buoz-zaangv,noun,palm,手掌,ฝ่ามือ,shǒuzhǎng,sau2 zoeng2,,,
buoz-meqc,noun,the pulse,手背,ชีพจร,màibó,mak6 bok3,,,
buoz-ndoqv-zunc,noun,fingerprint,手腕,ลายนิ้วมือ,zhǐwén,zi2 man4,,,
buoz-juonh,noun,fist,手铐,กำปั้น,quántou,kyun4 tau4,,,
buonv orv,noun,hunting,打猎,ล่าสัตว์,dǎliè,daa2 lip6,,,
bienh,noun,tray,托盘,ถาด,tuōpán,tok3 pun4,,,
baengx,noun,handle,把手,ด้ามจับ,bǎ shou,baa2 sau2,,,
caangv wuonh,noun,Fight to get sould back ritual,抢魂,พิธีแย่งวิญญาณ,qiǎng hún,coeng2 wan4,,,
buv,noun,amulet,护身符,เครื่องราง,hùshēnfú,wu6 san1 fu4,,,
buoz-ndoqv-nyatv,noun,knuckles,拇指,ข้อนิ้ว,zhǐ guānjié,zi2 gwaan1 zit3,,,
laih ndau cie,noun,tractor,拖拉机,รถแทรกเตอร์,tuōlājī,to1 laai1 gei1,,,
cie-cenv,noun,tractor,拖拉机,รถแทรกเตอร์,tuōlājī,to1 laai1 gei1,,,
cie-laih ndau,noun,tractor,拖拉机,รถแทรกเตอร์,tuōlājī,to1 laai1 gei1,,,
baaih,noun,sign,招牌,ป้าย/สัญลักษณ์,zhāopái,ziu1 paai4*2,,,
biaaix,noun,dred bamboo fire sticks,拨火竹,ไม้เขี่ยไฟไม้ไผ่,bō huǒ zhú,but6 fo2 zuk1,,,
ba'juonh,noun,fist,拳头,กำปั้น,quán tou,kyun4 tau4,,,
buoz-guai,noun,right hand,拳头,มือขวา,yòushǒu,jau6 sau2,,,
buoz-mbiaauc,noun,right hand,拳头,มือขวา,yòushǒu,jau6 sau2,,,
buoz-ndoqv-nquaiz,noun,fingernail,指关节,เล็บ,zhǐjiǎ,zi2 gaap3,,,
bieiv,noun,commander,指挥官,ผู้บัญชาการ,zhǐhuīguān,zi2 fai1 gun1,,,
buoz-ndoqv-ndaauv,noun,middle finger,指甲,นิ้วกลาง,zhōngzhǐ,zung1 zi2,,,
buoz-ndoqv-ziangv,noun,index finger,指纹,นิ้วชี้,shízhǐ,sik6 zi2,,,
buoz-ndoqv-dorn,noun,pinkie,指骨,นิ้วก้อย,xiǎozhǐ,siu2 zi2,,,
cie-gingx,noun,windshield,挡风玻璃,กระจกหน้า,dǎngfēng bōlí,dong2 fung1 bo1 lei4,,,
baav,noun,bundle,捆,มัด,kǔn,kwan2,,,
buoz-zaangv-komv,noun,depressed palm center,掌心凹,แอ่งกลางฝ่ามือ,zhǎngxīn āo,zoeng2 sam1 aau1,,,
buoz-zaangv-jauv,noun,palm lines,掌纹,ลายฝ่ามือ,zhǎngwén,zoeng2 man4,,,
buoz-zaangv-mbungv,noun,metacarpus,掌骨,กระดูกฝ่ามือ,zhǎnggǔ,zoeng2 gwat1,,,
cenv ndau cie,noun,bulldozer,推土机,รถไถดิน,tuītǔjī,teoi1 tou2 gei1,,,
bui,noun,cup,掷（量词）,ลักษณนามการโยน,zhì,zaak6,,Literary,
a'nziaauc waac,noun,tease,揶揄,ล้อเล่น,yéyú,je4 jyu4,,,
caengx faanx mienh,noun,attendant who carries umbrella to shade bride on her way to the groom's house,撑伞人,ผู้ถือร่มเจ้าสาว,chēng sǎn rén,caang1 saan2 jan4,,,
bungh youz (doic),noun,friend,放出,ปล่อยออก,fàngchū,fong3 ceot1,,,Chinese
buotv,noun,flatus,放屁,ผายลม,fàngpì,fong3 pei3,,,
bouv,noun,ax,斧,ขวาน,fǔ,fu2,,,
bouv-hmien,noun,ax blade,斧刃,คมขวาน,fǔrèn,fu2 jan6,,,
bouv-norz,noun,ax head,斧头,หัวขวาน,fǔtou,fu2 tau4,,,
bouv-baengx,noun,ax handle,斧柄,ด้ามขวาน,fǔbǐng,fu2 beng2,,,
baan-buic daan,noun,register or record of generation names,族谱,สมุดบันทึกรุ่นวงศ์ตระกูล,zúpǔ,zuk6 pou2,,,
buoz-ndoqv-nzaeng,noun,ring,无名指,แหวน,jièzhǐ,gaai3 zi2,,,
auv-biqv,noun,childless wife,无子的妻子,ภรรยาที่ไม่มีลูก,wú zǐ de qīzi,mou4 zi2 dik1 cai1 zi2,,,
baamz,noun,offensive,无礼的,หยาบคาย,wúlǐ de,mou4 lai5 dik1,,,
aapv-mbienx,noun,land duck,旱鸭,เป็ดบก,hàn yā,hon5 aap3*2,,,
caamx,noun,period of time,时段,ช่วงเวลา,shíduàn,si4 dyun6,,,
binx,noun,time,时间,เวลา,shíjiān,si4 gaan1,,Literary,
benh-sui,noun,alum,明矾,สารส้ม,míngfán,ming4 faan4,,,
baengc-meih,noun,fainting illness,昏厥,เป็นลมหมดสติ,hūn jué,fan1 kyut3,,,
apc hmuangx,noun,last night,昨夜,เมื่อคืน,zuóyè,zok3 je6,,,
a'hnoi,noun,yesterday.,昨天,เมื่อวาน,zuótiān,zok3 tin1,,,
apc hnoi aanx,noun,yesterday afternoon,昨天下午,เมื่อวานบ่าย,zuótiān xiàwǔ,zok3 tin1 haa6 ng5,,,
a'hnoi ndorm,noun,yesterday morning.,昨天早上,เมื่อวานเช้า,zuótiān zǎoshang,zok3 tin1 zou2 soeng6,,,
apc hnoi,noun,yesterday,昨日,เมื่อวาน,zuórì,zok3 jat6,,,
a'hmuangx,noun,last night,昨晚,เมื่อคืน,zuó wǎn,zok3 maan5,,,
baah-maah,noun,"illness with symptoms of nausea, vomiting, and dizziness",晕动病,เมารถ/เมาเรือ/เมาเครื่อง,yùn dòng bìng,wan4 dung6 beng6,,,
baengh jouh,noun,ordinary ritual bridge,普通仪式桥,สะพานพิธีทั่วไป,pǔ tōng yí shì qiáo,pou2 tung1 ji4 si6 kiu4,,,
baqv-dauv,noun,the moon,月亮,ดวงจันทร์,yuè liàng,jyut6 loeng6,,Literary,
a'nziaauc doic,noun,friend,朋友,เพื่อน,péngyou,pang4 jau5,,,
bungh,noun,hive,朋友,เพื่อน,péngyou,pang4 jau5,,,
buonv-deic,noun,local,本地,ท้องถิ่น,běndì,bun2 dei6,,,
buonv-deic fienx,noun,local news,本地新闻,ข่าวท้องถิ่น,běndì xīnwén,bun2 dei6 san1 man4,,,
buonv-zinh,noun,principal money,本金,เงินต้น,běnjīn,bun2 gam1,,,
cie-ndaix ciangv,noun,airport,机场,สนามบิน,jīchǎng,gei1 coeng4,,,
cie-ndaix zaamc,noun,airport,机场,สนามบิน,jīchǎng,gei1 coeng4,,,
cie-ndaih zinh,noun,airfare,机票,ค่าโดยสารเครื่องบิน,jīpiào,gei1 piu3,,,
biouv-lorngh,noun,starfruit,杨桃,มะเฟือง,yángtáo,joeng4 tou4,,,
biouv-nganh,noun,pit of fruit,果核,เมล็ดแข็ง,guǒhé,gwo2 hat6,,,
biouv-neix,noun,the stem of fruit,果梗,ก้านผล,guǒgěng,gwo2 gang2,,,
biouv-hliangv,noun,jujube,枣,พุทรา,zǎo,zou2,,,
baaih,noun,shelf,架子,ชั้นวาง,jiàzi,gaa3 zi2,,,
biouv-ndom,noun,pomelo,柚子,ส้มโอ,yòuzi,jau6 zi2,,,
baan,noun,standard,标准,มาตรฐาน,biāozhǔn,biu1 zeon2,,,
anx-zaqv,noun,sign,标志,สัญลักษณ์,biāozhì,biu1 zi3,,,
biormh,noun,perch,栖,เกาะ,qī,cai1,,,
biormh,noun,roost,栖息,เกาะนอน,qīxī,cai1 sik1,,,
biouv-zuei,noun,chestnut,栗子,เกาลัด,lìzi,leot6 zi2,,,
buonv,noun,sample,样本,ตัวอย่าง,yàngběn,joeng6 bun2,,,
ba'jaauh,noun,peach,桃,ลูกพีช,táo,tou4,,,
biouv-jaauh,noun,peach,桃,ลูกท้อ,táo,tou4,,,
baic,noun,comb,梳子,หวี,shū zi,so1 zi2,,,
biaav,noun,stick,棍,ไม้,gùn,gwan3,,,
biaav-lorngh,noun,edged stick,棱棍,ไม้มีสัน,léng gùn,ling4 gwan3,,,
benv,noun,casket,棺材,โลงศพ,guāncai,gun1 coi4,,,
biouv-lorngh zong,noun,coconut,椰子,มะพร้าว,yēzi,je1 zi2,,,
caamv,noun,wedge-shaped piece to make something fit,楔子,ลิ่ม,xiēzi,sit3 zi2,,,
binx,noun,occurrence,次,ครั้ง,cì,ci3,,Literary,
baih,noun,song,歌,เพลง,gē,go1,,Baby,
baengh leiz,noun,justice,正义,ความยุติธรรม,zhèng yì,zing3 ji6,,,
aanx,noun,noontime,正午,เที่ยงตรง,zhèngwǔ,zing3 ng5,,,
auv-hlo,noun,first wife,正室,ภรรยาคนแรก/เมียหลวง,zhèngshì,zing3 sat1,,,
bouc,noun,step,步,ก้าว,bù,bou6,,,
aec ngorngc,noun,dead,死了,ตายแล้ว,sǐle,sei2 liu5,,Baby,
a'nziaauc doic,noun,mate,死党,สหาย,sǐdǎng,sei2 dong2,,,
biauv-namx,noun,funeral home,殡仪馆,สถานจัดงานศพ,bìnyí guǎn,ban3 ji4 gun2,,,
bouc,noun,section,段,ตอน / ส่วน,duàn,dyun6,Mingh duqv yietc bouc jauv. Have gone part of the way.,,
lauv huv gueiv,noun,the tiger spirit,母老虎,ภรรยานักเลง (ขี้บ่น/เข้มงวด),mǔlǎohǔ,mou5 lou5 fu2,,,
aapv-nyeiz,noun,mature female duck,母鸭,เป็ดตัวเมีย (โตเต็มวัย),mǔ yā,mou5 aap3*2,,,
buon-buon ziangh hoc,noun,every minute,每分钟,ทุกนาที,měi fēnzhōng,mui5 fan1 zung1,,,
binx-binx,noun,every time,每次,ทุกครั้ง,měi cì,mui5 ci3,,Literary,
biei,noun,fur,毛皮,ขนสัตว์,máopí,mou4 pei4,,,
batv-biei,noun,brush pen,毛笔,พู่กันจีน,máo bǐ,mou4 bat1,,,
baeqv-fingx,noun,populace,民众,มวลชน,mín zhòng,man4 zung3,,,
baengh,noun,kettle,水壶,กาน้ำ,shuǐ hú,seoi2 wu4,,,
biouv,noun,fruit,水果,ผลไม้,shuǐguǒ,seoi2 gwo2,,,
bouv,noun,fruit,水果,ผลไม้,shuǐguǒ,seoi2 gwo2,,,
baengc-fouh,noun,edema,水肿,อาการบวมน้ำ,shuǐ zhǒng,seoi2 zung2,,,
biom,noun,leech,水蛭,ปลิง,shuǐzhì,seoi2 zat6,,,
biom-ndaix,noun,water leech,水蛭,ปลิงน้ำ,shuǐzhì,seoi2 zat6,,,
buon,noun,leech,水蛭,ปลิง,shuǐzhì,seoi2 zat6,,,
aapv-wuom,noun,water duck,水鸭,เป็ดน้ำ,shuǐ yā,seoi2 aap3*2,,,
cie-zaamc,noun,bus station,汽车站,สถานีรถ,qìchē zhàn,hei3 ce1 zaam6,,,
ba'jaauh njang,noun,nectarine,油桃,เนคทารีน,yóu táo,jau4 tou4,,,
baaic,noun,rapeseed,油菜籽,เมล็ดคาโนลา/ผักกาด,yóucài zǐ,jau4 coi3 zi2,,,
baqv ndie,noun,injection,注射,การฉีด,zhù shè,zyu3 se6,,,
ndie-sim ndongh,noun,syringe,注射器,กระบอกฉีดยา,zhù shè qì,zyu3 se6 hei3,,,
ndie sim,noun,syringe needle,注射针头,เข็มฉีดยา,zhù shè zhēn tóu,zyu3 se6 zam1 tau4,,,
borngv,noun,notice,注意,สังเกต,zhùyì,zyu3 ji3,,,
cie,noun,pump,泵,ปั๊ม,bèng,bang6,,,
Ba'longh Zeuz Mienh,noun,Zeuz subclan,泽兹支系,กลุ่มย่อย Zeuz,zé zī zhī xì,zaak6 zi1 zi1 hai6,,,
baamh mienh,noun,living person,活人,คนเป็น,huórén,wut6 jan4,,,
cie-biauv,noun,mobile home,活动房,บ้านเคลื่อนที่,huódòng fáng,wut6 dung6 fong4,,,
baaih,noun,beaded ceremonial fringe,流苏,พู่ประดับ,liúsū,lau4 sou1,,,
haa-juangv,noun,influenza,流行性感冒,ไข้หวัดใหญ่,liúxíngxìng gǎnmào,lau4 hang4 sing3 gam2 mou6,,,
haa-juangv,noun,flu,流行性感冒,ไข้หวัดใหญ่,liúxíngxìng gǎnmào,lau4 hang4 sing3 gam2 mou6,,,
baeng-wuom,noun,navy,海军,กองทัพเรือ,hǎi jūn,hoi2 gwan1,,,
aengv-njoiz,noun,mirage,海市蜃楼,มิราจ (ภาพลวงตาในทะเลทราย),hǎishìshènlóu,hoi2 si5 san5 lau4,,,
catv,noun,beaver,海狸,บีเวอร์,hǎilí,hoi2 lei4,,,
baeqc horqc,noun,seagull,海鸥,นกนางนวล,hǎi ōu,hoi2 au1,,,
cietv,noun,paint,涂漆,ทาสี,túqī,tou4 cat1,,,
cie-ndongh,noun,muffler,消音器,ท่อไอเสีย,xiāoyīnqì,siu1 jam1 hei3,,,
baeqc mbuov,noun,whitish blue,淡蓝白色,สีฟ้าขาวจางๆ,dàn lán bái sè,daam6 laam4 baak6 sik1,,,
a'nziaauc ciangv,noun,playground,游乐场,สนามเด็กเล่น,yóulèchǎng,jau4 lok6 coeng4,,,
cietv,noun,lacquer,漆,แล็กเกอร์,qī,cat1,,,
cietv,noun,lacquer tree,漆树,ต้นรัก,qīshù,cat1 syu6,,,
cietv-ndiangx,noun,lacquer tree,漆树,ต้นรัก,qīshù,cat1 syu6,,,
cie-douz,noun,train,火车,รถไฟ,huǒchē,fo2 ce1,,,
benv,noun,coffin,灵柩,โลงศพ,língjiù,ling4 gau6,,,
caeng-caauv,noun,frying pan,炒锅,กระทะผัด,chǎoguō,caau2 wo1,,,
buotv-maux,noun,silent flatus,烧,ตดเงียบ,mèn pì,mun6 pei3,,,
aamx fangx zorngh,noun,camera,照相机,กล้องถ่ายรูป,zhàoxiàngjī,ziu3 soeng6 gei1,,,
Aa Die,noun,Father,父亲,บิดา,fùqīn,fu6 can1,,,
buoqc-mouz,noun,father,父亲,พ่อ,fùqīn,fu6 can1,,Literary,
buoqc-mouz yieh-nyaangh,noun,parents,父母,พ่อแม่,fùmǔ,fu6 mou5,,Literary,
Aa Dae,noun,Dad,爸爸,พ่อ,bàba,baa4 baa1,,,
Aa Gorx,noun,Dad,爸爸,พ่อ,bàba,baa4 baa1,,,
Aa Dae,noun,Daddy,爹地,ด๊าดี้,diēdì,de1 di2,,,
baeqc mbuonv,noun,talcum powder,爽身粉,แป้งฝุ่น/แป้งเด็ก,shuǎng shēn fěn,song2 san1 fan2,,,
baaih,noun,placard,牌位,แผ่นป้าย/แท่นบูชา,páiwèi,paai4 wai6*2,,,
caauv,noun,ox,牛,วัว,niú,ngau4,,,
caauv hnyangx,noun,Ox Year,牛年,ปีฉลู,niú nián,ngau4 nin4,,,
a'nziaauc,noun,play,玩,เล่น,wán,wun4*2 / waan2,,,
baauv,noun,treasure,珍宝,สมบัติล้ำค่า,zhēnbǎo,zan1 bou2,,,Chinese
baengh,noun,bottle,瓶子,ขวด,píng zi,ping4 zi2,,,
ciangv,noun,field,田地,ทุ่งนา,tiándì,tin4 dei6,,,
beuh,noun,thyroid gland,甲状腺,ต่อมไทรอยด์,jiǎzhuàngxiàn,gaap3 zong6 sin3,,,
beuh,noun,goiter,甲状腺肿,คอพอก,jiǎzhuàngxiàn zhǒng,gaap3 zong6 sin3 zung2,,,
baeqc kuaa naanh zaangv,noun,male supplicant in ceremonies,男祈求者（仪式中）,ผู้ขอพรชายในพิธี,nán qí qiú zhě,naam4 kei4 kau4 ze2,,Ritual,
ndie-nqaeqv,noun,vaccination,疫苗接种,การฉีดวัคซีน,yì miáo jiē zhòng,jik6 miu4 zip3 zung3,,,
butv-ndin,noun,madman,疯子,คนบ้า,fēngzi,fung1 zi2,,,
baengc,noun,illness,疾病,ความเจ็บป่วย,jí bìng,zat6 beng6,,,
baengc,noun,disease,疾病,โรค,jí bìng,zat6 beng6,,,
baengc mienh,noun,sick person,病人,คนป่วย,bìng rén,beng6 jan4,,,
baengc-gorn,noun,root cause of an illness,病根,ต้นตอของโรค,bìng gēn,beng6 gan1,,,
Aa Nutv,noun,Child (name),瘦小男孩昵称,ชื่อเล่นเด็กผู้ชายตัวผอม,shòu xiǎo nánhái nìchēng,sau3 siu2 naam4 haai4 nik1 cing1,,,
baengc-mbai,noun,paralysis,瘫痪,อัมพาต,tān huàn,taan1 waan6,,,
sin mbai baengc,noun,paralysis,瘫痪,อัมพาต,tānhuàn,taan1 wun6,,,
baengc-ciou,noun,epilepsy,癫痫,โรคลมชัก,diān xián,din1 haam4,,,
baengc-ciou,noun,seizure illness,癫痫发作,อาการชัก,diān xián fā zuò,din1 haam4 faat3 zok3,,,
baeqc kuaa,noun,white flower,白花,ดอกไม้สีขาว,bái huā,baak6 faa1,,Literary,
baeqc horqc biangh,noun,lily,百合,ดอกลิลลี่,bǎi hé,baak3 hap6,,,
buoz-zaux nzaeqv,noun,cracked skin,皮肤开裂,ผิวแตก,pífū kāiliè,pei4 fu1 hoi1 lit6,,,
bunh,noun,basin,盆,อ่าง,pén,pun4,,,
bieqc loh,noun,jail,监狱,คุก,jiānyù,gaam1 juk6,,,
bienh,noun,dish,盘子,จาน,pánzi,pun4 zi2,,,
Bienh Hungh Mienv,noun,Mythical Mien King Spirit,盘王灵,วิญญาณกษัตริย์เมี่ยน,Pán Wáng líng,pun4 wong4 ling4,,,
Bienh Hungh zipv,noun,Mythical Mien King celebration,盘王节,งานฉลองกษัตริย์เมี่ยน,Pán Wáng jié,pun4 wong4 zit3,,,
cie-ndaix-mbietv,noun,helicopter,直升机,เฮลิคอปเตอร์,zhíshēngjī,zik6 sing1 gei1,,,
bueiv ong,noun,term for wife's grandmother's older sister's husband.,睡,นอน,shuì,seoi6,,,
cang,noun,spear,矛,หอก,máo,maau4,,,
cang-da'mueiz,noun,spearhead,矛头,หัวหอก,máotóu,maau4 tau4,,,
benv,noun,slab,石板,แผ่นหิน,shíbǎn,sek6 baan2,,,
buoz-hngongx,noun,left hand,石膏,มือซ้าย,zuǒshǒu,zo2 sau2,,,
buoz-kuang,noun,left hand,石膏,มือซ้าย,zuǒshǒu,zo2 sau2,,,
ba'nyaic,noun,rag,破布,ผ้าขี้ริ้ว,pò bù,po3 bou3,,,
buang,noun,protrusion,祝福,อวยพร,zhùfú,zuk1 fuk1,,,
baaih,noun,altar,祭坛,แท่นบูชา,jìtán,zai3 taan4,,,
auv-leih,noun,divorcee,离婚者,คนหย่าร้าง,líhūnzhě,lei4 fan1 ze2,,,
biaav-sorqv,noun,straw,稻草,ฟาง,dàocǎo,dou6 cou2,,,
baeng-lungh,noun,the air force,空军,กองทัพอากาศ,kōng jūn,hung1 gwan1,,,
ciangv,noun,wide open area,空地,ที่โล่ง,kōngdì,hung1 dei6,,,
baengx,noun,sudden emergence,突然出现,โผล่มากะทันหัน,tū rán chū xiàn,dat6 jin4 ceot1 jin6,,,
biangh mienv,noun,soul guardian spirits of minors,童魂守护灵,ผีคุ้มครองเด็ก,tóng hún shǒuhù líng,tung4 wan4 sau2 wu6 ling4,,,
biangh liemh,noun,soul flower garden of minors,童魂花园,สวนดอกวิญญาณเด็ก,tóng hún huāyuán,tung4 wan4 faa1 jyun4,,,
batv,noun,pen,笔,ปากกา/ปากกาเขียน,bǐ,bat1,,,
batv-nqaaix,noun,pen cap ,笔帽,ฝาปากกา,bǐ mào,bat1 mou6,,,
bouh,noun,amulet with written magic charm,符咒,เครื่องราง / คาถาเขียน,fúzhòu,fu4 zau3,,,
Aa Cic,noun,Seventh Son,第七个儿子,ลูกชายคนที่เจ็ด,dì qī gè érzi,dai6 cat1 go3 ji4 zi2,,,
baan,noun,level,等级,ระดับ,děngjí,dang2 kap1,,,
baeqc waac,noun,simple words,简单词,คำง่ายๆ,jiǎn dān cí,gaan2 daan1 ci4,,,
benc,noun,rice,米,ข้าว,mǐ,mai5,,Literary,
benh,noun,type of powder,粉,ผง,fěn,fan2,,,
cietv kouv betv daic,noun,extremely exhausted to the poin to passing out,精疲力尽,เหนื่อยหมดแรง,jīngpílìjìn,zing1 pei4 lik6 zan6,,Idiom,
hongh kuaa,noun,red flower,红花,ดอกไม้แดง,hónghuā,hung4 faa1,,Literary,
cie-doix yienh miev,noun,papyrus,纸莎草,ปาปิรัส,zhǐshācǎo,zi2 saa1 cou2,,,
baac,noun,finish,结束,สิ้นสุด,jiéshù,git3 cuk1,,,
a'nziaauc mbuox,noun,nickname.,绰号,ชื่อเล่น,chuòhào,coek3 hou6,,,
ba'gi yungh,noun,sheep,羊,แกะ,yáng,joeng4,,,
ba'gi,noun,wool.,羊毛,ขนแกะ,yáng máo,joeng4 mou4,,,
Amegaa,noun,America,美国,อเมริกา,Měiguó,mei5 gwok3,,,
baan,noun,group,群体,กลุ่ม,qúntǐ,kwan4 tai2,,,
biei,noun,feather,羽毛,ขนนก,yǔmáo,jyu5 mou4,,,
aapv-biei,noun,down,羽绒,ขนนุ่ม (สำหรับเครื่องนุ่งห่ม),yǔróng,jyu5 jung4*2,,,
ba'jien-dauv,noun,somersault.,翻跟头,ตีลังกา,fān gēn tou,faan1 gan1 tau4,,,
caeng-lor,noun,old-fashioned Chinese style cooking pot,老式铁锅,หม้อเหล็กโบราณ,lǎoshì tiěguō,lou5 si6 tit3 wo1,,,
baeqv-fingx,noun,common people,老百姓,ประชาชนทั่วไป,lǎo bǎi xìng,lou5 baak3 sing3,,,
baa,noun,callus,老茧,หนังด้าน (ตาปลา),lǎojiǎn,lou5 gaan2,,,
buoz-sei-ndiev,noun,armpit,肘,รักแร้,yèxià,jik6 haa6,,,
buonx,noun,fertilizer,肥料,ปุ๋ย,féiliào,fei4 liu6,,,
baengc-omx,noun,swollen illness,肿胀病,โรคบวม,zhǒng zhàng bìng,zung2 zoeng3 beng6,,,
Aa Dutv,noun,chubby child nickname,胖小孩昵称,ชื่อเล่นเด็กอ้วน,pàng xiǎohái nìchēng,bun6 siu2 haai4 nik1 cing1,,,
Aa Taenc,noun,Chubby Face Daughter (name),胖脸蛋女儿 (名字),ลูกสาวหน้าตุ่น (ชื่อ),pàng liǎndàn nǚ'ér (míngzi),bun6 lim5 daan6*2 neoi5 ji4 (meng4 zi6),,,
banh zeic,noun,competence,胜任能力,ความสามารถในการทำงาน,shèng rèn néng lì,sing3 jam6 nang4 lik6,,,
buonv-zeic,noun,competence,胜任能力,ความสามารถเหมาะสม,shèngrèn nénglì,sing3 jam6 nang4 lik6,,,
bangv,noun,the pancreas,胰腺,ตับอ่อน,yí xiàn,ji4 sin3,,,
bangv hlo,noun,enlarged pancreas,胰腺肿大,ตับอ่อนโต,yí xiàn zhǒng dà,ji4 sin3 zung2 daai6,,,
banh zeic,noun,ability,能力,ความสามารถ,néng lì,nang4 lik6,,,
banh zeic,noun,capability,能力,ความสามารถ,néng lì,nang4 lik6,,,
buonv-zeic,noun,capability,能力,ความสามารถ,nénglì,nang4 lik6,,,
buoz-matc,noun,gloves,脉搏,ถุงมือ,shǒutào,sau2 tou3,,,
buoz-sei-jaang,noun,wrist,腋下,ข้อมือ,shǒuwàn,sau2 waan6,,,
buoz-menc,noun,the back  of the hand,腕关节,หลังมือ,shǒubèi,sau2 bui3,,,
beix yuc,noun,loin,腰,เอว,yāo,jiu1,,,
camb zuih gorn,noun,groin,腹股沟,ขาหนีบ,fùgǔgōu,fuk6 gwat1 gau1,,,
banv youh,noun,abdominal fat,腹部脂肪,ไขมันหน้าท้อง,fù bù zhī fáng,fuk1 bou6 zi1 fong4,,,
buoz-zamh,noun,armspan,臂展,ช่วงแขน,bìzhǎn,bei6 zin2,,,
buonv-sm,noun,oneself,自己,ตัวเอง,zìjǐ,zi6 gei2,,,
bungh-biex,noun,hives,自由,อิสระ,zìyóu,zi6 jau4,,,
bie,noun,bedbug,臭虫,ตัวเรือด,chòuchóng,cau3 cung4,,,
cangx heix mienh,noun,dancer,舞者,นักเต้น,wǔzhě,mou5 ze2,,,
biangh,noun,flower,花,ดอกไม้,huā,faa1,,,
Baeqc Miuh,noun,Hmong,苗族,ชาวม้ง/ชนเผ่าม้ง,Miáo zú,miu4 zuk6,,,
ba'daatc,noun,bitter melon,苦瓜,มะระ,kǔguā,fu2 gwaa1,,,
aa bernh,noun,apple,苹果,แอปเปิ้ล,píngguǒ,ping4 gwo2,,,English
aepv'bouh,noun,apple,苹果,แอปเปิ้ล,píngguǒ,ping4 gwo2,,,
baeqc citv,noun,mint,薄荷,สะระแหน่/มินต์,bó he,bok6 ho4,,,
biaav-mbiaac,noun,cane,藤杖,ไม้เท้า,téng zhàng,tang4 zoeng6,,,
ca'laauh porngc,noun,grasshopper,蚱蜢,ตั๊กแตน,zhàměng,zaak6 maang5,,,
bung,noun,side,蜂巢,รังผึ้ง,fēngcháo,fung1 caau4,,,
canh zouh,noun,toad,蟾蜍,คางคก,chánchú,sim4 ceoi4,,,
buic zaangc mbuox,noun,generation name,补偿,ชดเชย,bǔcháng,bou2 soeng4,,,
baengc-ngaaiz,noun,debilitating illness,衰弱病,โรคทำให้อ่อนแรง,shuāi ruò bìng,seoi1 joek6 beng6,,,
bioov-gomh,noun,tomato,西红柿,มะเขือเทศ,xīhóngshì,sai1 hung4 si6,,,
biouv-gomh,noun,tomato,西红柿,มะเขือเทศ,xīhóngshì,sai1 hung4 si6,,,
anx-zaqv,noun,marker,记号,เครื่องหมาย,jìhào,gei3 hou6,,,
biuv,noun,introductory polite address term,请问,ขอถาม,qǐngwèn,cing2 man6,,,
baan sic mienh,noun,peacemaker,调解人,คนประสานรอยร้าว,tiáojiě rén,tiu4 gaai2 jan4,,,
bouv-norz,noun,thank you,谢谢,ขอบคุณ,xièxie,ze6 ze6,,Polite form,
batc,noun,elephant trunk,象鼻,งวงช้าง,xiàng bí,zoeng6 bei6,,,
ceu deic nyuoqc,noun,a ceremony to take the spirit of deceased relative out of hell.,超度仪式,พิธีส่งวิญญาณ,chāodù yíshì,ciu1 dou6 ji4 sik1,,,
bueiv die,noun,term for wife's mother's older sister's husband.,躺下,นอนลง,tǎngxià,tong2 haa6,,,
cie dingh dorngx,noun,garage,车库,โรงรถ,chēkù,ce1 fu3,,,
cie-baaih,noun,license plate,车牌,ป้ายทะเบียน,chēpái,ce1 paai4,,,
cie-baaih hoc,noun,license plate number,车牌号,หมายเลขทะเบียน,chēpái hào,ce1 paai4 hou6,,,
cie-piux,noun,"ticket for airplane, bus, or train",车票,ตั๋วโดยสาร,chēpiào,ce1 piu3,,,
cie,noun,vehicle,车辆,ยานพาหนะ,chēliàng,ce1 loeng6,,,Thai
cie,noun,vehicle,车辆,ยานพาหนะ,chēliàng,ce1 loeng6,,,Thai
cie-ndau,noun,vehicle,车辆,ยานพาหนะ,chēliàng,ce1 loeng6,,,Thai
cie-ping,noun,wheel,轮子,ล้อ,lúnzi,leon4 zi2,,,
cie-yienh,noun,wheel,轮子,ล้อ,lúnzi,leon4 zi2,,,
cie-ping,noun,tire,轮胎,ยางรถ,lúntāi,leon4 toi4,,,
cie-yienh,noun,tire,轮胎,ยางรถ,lúntāi,leon4 toi4,,,
baan-buic,noun,generation order,辈分顺序,ลำดับรุ่นเผ่าพันธุ์,bèifen shùnxù,bui3 fan6 seon6 zeoi6,,,
bin,noun,edge,边,ขอบ,biān,bin1,,,
a'nziaauc ciangv,noun,play field,运动场,สนามกีฬา,yùndòngchǎng,wan6 dung6 coeng4,,,
bin,noun,flail,连枷,ไม้พลอง,liánjiā,lin4 gaa1,,,
caeqv cung-mienv,noun,ritual to remove malevolent spirits that could harm the soul of individual died tragically and his/her living family members.,逐邪仪式,พิธีไล่วิญญาณร้าย,zhúxié yíshì,zuk6 ce4 ji4 sik1,,,
cie-jauv,noun,"road, roadway, motorway",道路,ถนน,dàolù,dou6 lou6,,,
auv-nqox,noun,spouse,配偶,คู่สมรส,pèi'ǒu,pui3 ngau5,,,
bingv,noun,yeast,酵母,ยีสต์,jiàomǔ,haau3 mou5,,,
bungh,noun,lineage,释放,ปล่อย,shìfàng,si6 fong3,,,
baengc hniev,noun,serious illness,重病,โรคร้ายแรง,zhòng bìng,zung6 beng6,,,
cietv zei betv naanc,noun,excessive illness and suffering,重病苦难,ทุกข์ทรมานหนัก,zhòngbìng kǔnàn,zung6 beng6 fu2 naan6,,Idiom,
sim-nqaai,noun,acupunture,针灸,ฝังเข็ม,zhēn jiǔ,zam1 gau2,,,
caauh zeiv,noun,cymbals,钹,ฉาบ,bó,but6,,,
batv-sortv,noun,pencil,铅笔,ดินสอ,qiān bǐ,cin1 bat1,,,
ciu-cenv,noun,shovel,铲,พลั่ว,chǎn,caan2,,,
ba'gem-cenv,noun,shoveling ladle,铲勺,ทัพพีตักแบบพลั่ว,chǎn sháo,caan2 soek3,,,
baengh,noun,pot,锅,หม้อ,guō,wo1,,,
caeng,noun,pot,锅,หม้อ,guō,wo1,,,
caeng,noun,pan,锅,กระทะ,guō,wo1,,,
caeng-jaax,noun,trivet,锅垫,ที่รองหม้อ,guōdiàn,wo1 din6,,,
baengh buoz,noun,pot handle,锅把,หูจับหม้อ,guō bǎ,wo1 baa2,,,
caeng-imx,noun,pot lid,锅盖,ฝาหม้อ,guōgài,wo1 goi3,,,
caeng-nqaaix,noun,pot lid,锅盖,ฝาหม้อ,guōgài,wo1 goi3,,,
caeng-jaax-zaux,noun,trivet leg,锅脚,ขาหม้อ,guōjiǎo,wo1 goek3,,,
caeqv-jaev,noun,ritual in a funeral ceremony to prevent the spirit of the deceased from returning to trouble the household,镇魂仪式,พิธีกันวิญญาณกลับบ้าน,zhènhún yíshì,zan3 wan4 ji4 sik1,,,
batc,noun,proboscis,长鼻,งวง/จมูกยาว,cháng bí,coeng4 bei6,,,
baamh gen,noun,living world,阳世,โลกมนุษย์,yángshì,joeng4 sai3,,,
bouc,noun,stage,阶段,ขั้นตอน / ระยะ,jiēduàn,gaai1 dyun6,,,
caeqv mienh kuv,noun,ritual to remove soul and name of a family member from the household spritual registry.,除名除魂仪式,พิธีถอนชื่อและวิญญาณ,chúmíng chúhún yíshì,ceoi4 ming4 ceoi4 wan4 ji4 sik1,,,
bau,noun,protubernance,隆起,ปูดขึ้น,lóng qǐ,lung4 hei2,,,
buang,noun,hump,隆起,นูน,lóngqǐ,lung4 hei2,,,
bou,noun,attendant,随从,ผู้ติดตาม,suí cóng,ceoi4 cung4,,,
caeng-nipv,noun,potholder,隔热垫,ที่รองกันความร้อน,gérè diàn,gaak3 jit6 din6,,,
biqv,noun,barrier,障碍,สิ่งกีดขวาง,zhàng’ài,zoeng3 ngoi6,,,
cie-gomv,noun,camper shell,露营车壳,หลังคารถแคมป์,lùyíng chē ké,lou6 jing4 ce1 hok3,,,
biom-maeng,noun,green leech,青蛭,ปลิงเขียว,qīngzhì,cing1 zat6,,,
baa,noun,bread,面包,ขนมปัง,miànbāo,min6 baau1,,Baby,
cie-waenh,noun,van,面包车,รถตู้,miànbāo chē,min6 baau1 ce1,,,
bin,noun,whip,鞭子,แส้,biānzi,bin1 zi2,,,
biaav-bin,noun,whipping stick or rod,鞭棍,ไม้หวด,biān gùn,bin1 gwan3,,,
biorngh,noun,forehead,额头,หน้าผาก,étóu,ngaak6 tau4,,,
auv-saeng,noun,flirtatious wife,风骚的妻子,ภรรยาขี้หยี่ (เจ้าชู้),fēngsāo de qīzi,fung1 sou1 dik1 cai1 zi2,,,
cie-ndaix,noun,airplane,飞机,เครื่องบิน,fēijī,fei1 gei1,,,
cie-ndaix duox,noun,airplane ticket,飞机票,ตั๋วเครื่องบิน,fēijī piào,fei1 gei1 piu3,,,
cie-jien,noun,pilot,飞行员,นักบิน,fēixíngyuán,fei1 hing4 jyun4,,,
cie-ndaix jien,noun,pilot,飞行员,นักบิน,fēixíngyuán,fei1 hing4 jyun4,,,
buoz-ndoqv-zeic,noun,ring finger,食指,นิ้วนาง,wúmíngzhǐ,mou4 ming4 zi2,,,
baa-baa,noun,"cookie, pastry",饼干,คุกกี้/ขนมกรุบกรอบ,bǐnggān,beng2 gon1,,,
buonv,noun,capital,首都,เมืองหลวง,shǒudū,sau2 dou1,,,
bieiv,noun,leader,首领,ผู้นำ,shǒulǐng,sau2 ling5,,,
caa,noun,v- or u-shaped supporting post,马蹄桩,เสาค้ำรูปตัวยู/วี,mǎtí zhuāng,maa5 tai4 zong1,,,
aapv,noun,duck,鸭子,เป็ด,yāzi,aap3*2 zi2,,,
aapv-biei,noun,duck feathers,鸭绒,ขนเป็ด,yāróng,aap3 jung4*2,,,
baeqc gopv,noun,pigeon,鸽子,นกพิราบ,gē zi,gap3 zi2,,,
baeqc horqc,noun,crane,鹤,นกกระเรียน,hè,hok6,,,
biaapc,noun,pockmarks,麻子,หลุมสิว,mázi,maa4 zi2,,,
baengc-mbai,noun,palsy,麻痹,อัมพาต/ชา,má bì,maa4 bei3,,,
dingh cie zaamc,noun,parking lot,停车场,ลานจอดรถ,tíngchēchǎng,ting4 ce1 coeng4,,,
cie-zaamc,noun,"large parking area or parking lot; bus station, bus terminal; train terminal",车站,สถานี / ลานจอดใหญ่,chēzhàn,ce1 zaam6,,,
zorc cie zaangc,noun,mechanic,修理工,ช่าง,xiūlǐ gōng,sau1 lei5 gung1,,,
cie-zinh,noun,fare,车费,ค่าโดยสาร,chēfèi,ce1 fai3,,,
tor ga'naaiv cie,noun,pickup,接送,รับส่ง,jiēsòng,zip3 sung3,,,
tor ga'naaiv cie,noun,truck,卡车,รถบรรทุก,kǎchē,kaa1 ce1,,,
cing-nin,noun,"youth,",青年,เยาวชน,qīngnián,cing1 nin4,,,
civ-yien,noun,excuse,借口,ข้ออ้าง,jièkǒu,ze3 hau2,,,
congx-biangh,noun,flowery embroidery pattern,花纹刺绣,ลายปักดอกไม้,huāwén cìxiù,faa1 man4 ci3 sau3,,,
congx-ga'nyorc,noun,spider embroidery pattern,蜘蛛纹刺绣,ลายปักแมงมุม,zhīzhū wén cìxiù,zi1 zyu1 man4 ci3 sau3,,,
congx-ndapv-nyatv,noun,cross-stitch embroidery,十字绣,ปักครอสติช,shízìxiù,sap6 zi6 sau3,,,
congx-korqv,noun,gunstock,枪托,พานท้ายปืน,qiāngtuō,coeng1 to1,,,
congx-maaih,noun,gun magazine,弹匣,ซองกระสุน,dànxiá,daan6 haap6,,,
congx-mbuoqc,noun,gun trigger,扳机,ไกปืน,bānjī,baan1 gei1,,,
congx-ndaauv,noun,rifle,步枪,ปืนยาว,bùqiāng,bou6 coeng1,,,
cui-diqc ong,noun,chief oboe player,首席唢呐手,มือปี่หลัก,shǒuxí suǒnà shǒu,sau2 zik6 so2 naa6 sau2,,,
cun-bun,noun,vernal (spring) equinox,春分,วันวสันตวิษุวัต,chūnfēn,ceon1 fan1,,,Chinese
cun-ciou,noun,planting and harvest seasons,农时,ฤดูเพาะปลูกและเก็บเกี่ยว,nóngshí,nung4 si4,,,
cun-gaeng-mouc,noun,crops under cultivation,庄稼,พืชผล,zhuāngjia,zong1 gaa1,,,
cuotv-dopc,noun,smallpox,天花,ฝีดาษ,tiānhuā,tin1 faa1,,,
cuotv ga'naaiv,noun,rash,皮疹,ผื่น,pízhěn,pei4 zan2,,,
daa-gux,noun,maternal grandmother,外婆,ยาย,wàipó,ngoi6 po4,,,
daa-gux taaix,noun,mother's paternal grandmother,外曾祖母,ยายทวด,wài zēngzǔmǔ,ngoi6 zang1 zou2 mou5,,,
apc hnoi hmuangx,noun,the night before yesterday,前天夜里,คืนก่อนเมื่อวาน,qiántiān yèlǐ,cin4 tin1 je6 lei5,,,
cim,noun,divination sticks,卜签,ไม้เสี่ยงทาย,bǔqiān,buk1 cim1,,,
cimx,noun,remnant,残余,เศษเหลือ,cányú,caan4 jyu4,,,
cing-doih,noun,algae,藻类,สาหร่าย,zǎolèi,zou2 leoi6,,,
cing-guonx,noun,ritual staff,法杖,ไม้เท้าพิธี,fǎzhàng,faat3 zoeng6,,,
cing-guonx lai,noun,asparagus.,芦笋,หน่อไม้ฝรั่ง,lú sǔn,lou4 syun2,,,
cing-guonx naang,noun,banded krait snake,银环蛇,งูสามเหลี่ยม,yínhuán shé,ngan4 waan4 se4,,,
Cingh Zieh,noun,evil spirit,恶灵,ผีร้าย,èlíng,ok3 ling4,,,
cingh Zieh faatv,noun,evil magic spell,邪咒,คำสาปร้าย,xiézhòu,ce4 zau3,,,
cing-hnui,noun,calf,小腿,น่อง,xiǎotuǐ,siu2 teoi2,,,
cing-jaa,noun,one's child's father and mother-in-law,亲家,พ่อแม่ของลูกเขย/สะใภ้,qìngjia,hing1 gaa1,,,
cing-jaa,noun,wedding,婚礼,งานแต่ง,hūnlǐ,fan1 lei5,,,
cing-jaa doic,noun,relative by marriage,姻亲,ญาติทางสมรส,yīnqīn,jan1 can1,,,
cing-jaa leiz,noun,wedding customs,婚俗,ประเพณีแต่งงาน,hūnsú,fan1 zuk6,,,
cing-jaa-diex,noun,kinship term for the father-in-law of one's sibling or child,通家,ญาติสมรสรุ่นเดียวกัน,tōngjiā,tung1 gaa1,,,
cing-jaa-dorn,noun,minor wedding,小婚,งานแต่งเล็ก,xiǎohūn,siu2 fan1,,,
cing-jaa-dorn,noun,kinship term for the father-in-law of one's son's child,亲家公,優ดเขยฝ่ายลูกชาย,qìngjiā gōng,hing1 gaa1 gung1,,,
cing-jaa-gouv,noun,kinship term for father-in-law of one's child,亲家,พ่อแม่เขย/สะใภ้,qìngjiā,hing1 gaa1,,,
cing-jaa-gux,noun,kinship term for the grandmothers of one's child's father-in-law,亲家祖母,ยายทวดฝ่ายเขย,qìngjiā zǔmǔ,hing1 gaa1 zou2 mou5,,,
cing-jaa-gux,noun, kinship term for the mother of one's sibling's father-in-law,亲家母,แม่ยายฝ่ายเขยของพี่น้อง,qìngjiā mǔ,hing1 gaa1 mou5,,,
cing-jaa-hnaangx,noun,wedding meal or feast,喜宴,งานเลี้ยงแต่งงาน,xǐyàn,hei2 jin3,,,
cing-jaa-maac,noun,kinship term for the mother-in-law of one's sibling,岳母,แม่ยายของพี่น้อง,yuèmǔ,joek6 mou5,,,
cing-jaa-maac,noun,kinship for the mother of their child's father-in-law,亲家母,แม่ยายของฝ่ายเขย,qìngjiā mǔ,hing1 gaa1 mou5,,,
cing-jaang,noun,the area of the leg from the top of the ankle to the calf; bird's tarsus,跗部,ช่วงขาสัตว์/นก,fūbù,fu1 bou6,,,
cing-jaa-nyaam,noun,kinship term for the mother-in-law of one's son's child,亲家母,แม่ยายของหลานชาย,qìngjiā mǔ,hing1 gaa1 mou5,,,
cing-jaa-nyeiz,noun,kinship term for the mother-in-law of one's child,岳母,แม่ยาย,yuèmǔ,joek6 mou5,,,
cing-jaa-nziez,noun,kinship term for the mother-in-law of niece or nephew,亲家母,แม่ยายของหลาน,qìngjiā mǔ,hing1 gaa1 mou5,,,
cing-jaa-ong,noun,kinship term for the grandfathers of their child's father-in-law,亲家祖父,ปู่ทวดฝ่ายเขย,qìngjiā zǔfù,hing1 gaa1 zou2 fu6,,,
cing-jaa-ong,noun,kinship term for the father of one's sibling's father-in-law,亲家公,พ่อเขยของพี่น้อง,qìngjiā gōng,hing1 gaa1 gung1,,,
cing-jaa-sieqv,noun,kinship term for the mother-in-law of one's daughter's child,亲家母,แม่ยายของหลานสาว,qìngjiā mǔ,hing1 gaa1 mou5,,,
cing-jaa-weiv,noun,kinship term for the father-in-law of one's daughter's child,亲家公,พ่อเขยของหลานสาว,qìngjiā gōng,hing1 gaa1 gung1,,,
cing-jaa-yinh,noun,wedding celebration,婚庆,งานฉลองแต่งงาน,hūnqìng,fan1 hing3,,,
cing-jaa-youz,noun,kinship term for the father-in-law of niece or nephew.,亲家公,พ่อเขยของหลาน,qìngjiā gōng,hing1 gaa1 gung1,,,
cing-jaa-ziouv,noun,groom's wedding host,主婚人,เจ้าภาพฝ่ายเจ้าบ่าว,zhǔhūnrén,zyu2 fan1 jan4,,,
cing-mborqc,noun,knee,膝,เข่า,xī,sat1,,,
cing-mborqc ngaaix,noun,patella,髌骨,กระดูกสะบ้า,bìngǔ,bing6 gwat1,,,
cing-mborqc ngaaix,noun,kneecap,膝盖,ลูกสะบ้า,xīgài,sat1 goi3,,,
Cing-Mengh Zipv,noun,Spring Festival or Visiting the Dead Festival,春节,เทศกาลตรุษจีน/ไปเยี่ยมบรรพบุรุษ,chūnjié,ceon1 zit3,,,
cing-sen,noun,jungle,丛林,ป่าดง,cónglín,cung4 lam4,,Literary,
cing-sienv ndiev,noun,underside of the knee,膝后,หลังเข่า,xīhòu,sat1 hau6,,,
Cing-Suiv,noun,Wedding officiant priest representing the groom's side,司礼,พิธีกรฝ่ายเจ้าบ่าว,sīlǐ,si1 lei5,,,
cing-zorng,noun,shin,胫,หน้าแข้ง,jìng,ging6,,,
Cin-Jaa Dorngx,noun,Thousand Families Place - a mythycal ancestral Mien homeland,千家地,ถิ่นบรรพชนพันครอบครัว,qiān jiā dì,cin1 gaa1 dei6,,,
ciou,noun,autumn,秋,ฤดูใบไม้ร่วง,qiū,cau1,,,
ciou,noun,fall season,秋季,ฤดูใบไม้ร่วง,qiūjì,cau1 gwai3,,,
ciou gueix,noun,autumn,秋,ฤดูใบไม้ร่วง,qiū,cau1,,,
ciou gueix,noun,fall season,秋季,ฤดูใบไม้ร่วง,qiūjì,cau1 gwai3,,,
ciou-gen,noun,autumn,秋,ฤดูใบไม้ร่วง,qiū,cau1,,,
ciou-gen,noun,fall season,秋季,ฤดูใบไม้ร่วง,qiūjì,cau1 gwai3,,,
ciouh,noun,type of richly textured cloth,锦布,ผ้าลายหนา,jǐnbù,gam2 bou3,,,
ciouv,noun,violence,暴力,ความรุนแรง,bàolì,bou6 lik6,,,
ciouv,noun,peril,危险,อันตราย,wēixiǎn,ngai4 him2,,,
ciqv,noun,measurement,量度,การวัด,liàngdù,loeng6 dou6,,,
ciqv,noun,size,尺寸,ขนาด,chǐcùn,cek3 cyun3,,,
ciqv,noun,dimensions,尺寸,มิติ,chǐcùn,cek3 cyun3,,,
ciqv-cunx,noun,measuring device,量具,เครื่องมือวัด,liàngjù,loeng6 geoi6,,,
citc,noun,very small amount of something,微量,ปริมาณเล็กน้อย,wēiliàng,mei4 loeng6,,,
ciu-cenv,noun,shovel,铲,พลั่ว,chǎn,caan2,,,
ciux,noun,bow,弓,คันธนู,gōng,gung1,,,
coix,noun,vegetables,蔬菜,ผัก,shūcài,so1 coi3,,,
cong,noun,onion,洋葱,หัวหอม,yángcōng,joeng4 cung1,,,
cong-mengh,noun,wisdom,智慧,ปัญญา,zhìhuì,zi3 wai6,,,
cong-mengh,noun,understanding,理解,ความเข้าใจ,lǐjiě,lei5 gaai2,,,
cong-mengh,noun,insight,洞察,ความหยั่งรู้,dòngchá,dung6 caa4,,,
cong-muonc,noun,"small white or red onion, shallot",小葱,หอมแดง/หอมขาวเล็ก,xiǎocōng,siu2 cung1,,,
cong-ndoih,noun,onion bulb,洋葱头,หัวหอม,yángcōng tóu,joeng4 cung1 tau4,,,
congx,noun,gun,枪,ปืน,qiāng,coeng1,,,
congx,noun,rifle,步枪,ปืนยาว,bùqiāng,bou6 coeng1,,,
congx,noun,firearm,火器,อาวุธปืน,huǒqì,fo2 hei3,,,
congx-beu,noun,embroidery wrap,刺绣包边,ขอบหุ้มงานปัก,cìxiù bāobiān,ci3 sau3 baau1 bin1,,,
congx-beu-jiuc,noun,sewing basket,缝纫篮,ตะกร้าเย็บผ้า,féngrèn lán,fung4 jan6 laam4,,,
congx-beu-ndaan,noun,embroidery basket,刺绣篮,ตะกร้างานปัก,cìxiù lán,ci3 sau3 laam4,,,
congx-caengx,noun,grid-stitch embroidery design,格绣图案,ลายปักตาราง,géxiù tú’àn,gaak3 sau3 tou4 on3,,,
congx-ceiv,noun,weave-stitch embroidery design,编绣图案,ลายปักทอ,biānxiù tú’àn,bin1 sau3 tou4 on3,,,
congx-gapv,noun,puzzle or box embroidery design,盒式绣纹,ลายปักกล่อง/ปริศนา,héshì xiùwén,hap6 si6 sau3 man4,,,
congx-guaeqv,noun,muzzleloader rifle,前装步枪,ปืนบรรจุปากลำกล้อง,qiánzhuāng bùqiāng,cin4 zong1 bou6 coeng1,,,
congx-hlaang,noun,gun strap,枪带,สายสะพายปืน,qiāngdài,coeng1 daai3,,,
congx-jiemc,noun,weave-stitch embroidery pattern,编绣纹样,ลายปักทอ,biānxiù wényàng,bin1 sau3 man4 joeng6,,,
congx-lamz,noun,armory,军械库,คลังอาวุธ,jūnxièkù,gwan1 haai6 fu3,,,
congx-mbiaqpc,noun,the fan design used on the bottom border of woman's pants,扇纹,ลายพัด,shànwén,sin3 man4,,,
congx-nangv,noun,pistol,手枪,ปืนพก,shǒuqiāng,sau2 coeng1,,,
congx-nangv,noun,handgun,手枪,ปืนสั้น,shǒuqiāng,sau2 coeng1,,,
congx-nqenx,noun,narrow strips of horizontal embroidery used to separate the wider patterns,横条绣带,แถบลายปักแนวนอน,héngtiáo xiùdài,waang4 tiu4 sau3 daai3,,,
congx-nqunx,noun,gun muzzle,枪口,ปากกระบอกปืน,qiāngkǒu,coeng1 hau2,,,
congx-nyatv,noun,cross-stitch embroidery design,十字绣,ลายปักครอสติช,shízìxiù,sap6 zi6 sau3,,,
congx-nyorpv,noun,two crossed-bar embroidery design,双十字纹,ลายกากบาทคู่,shuāng shízì wén,soeng1 sap6 zi6 man4,,,
congx-nzaangc,noun,weave-stitch Chinese character embroidery design,编绣字纹,ลายอักษรจีนปักทอ,biānxiù zìwén,bin1 sau3 zi6 man4,,,
congx-paiv,noun,holster,枪套,ซองปืน,qiāngtào,coeng1 tou3,,,
congx-tiu,noun,grid-stitch embroidery design,格绣图案,ลายปักตาราง,géxiù tú’àn,gaak3 sau3 tou4 on3,,,
corng,noun,granary,谷仓,ยุ้งฉาง,gǔcāng,guk6 cong1,,Literary,
corngh,noun,question mark (punctuation).,问号,เครื่องหมายคำถาม,wènhào,man6 hou6,,,
corngx,noun,object used to tamp down,捣棒,เครื่องอัด,dǎobàng,dou2 bong6,,,
corx,noun,file,锉刀,ตะไบ,cuòdāo,co3 dou1,,,
corx,noun,grater,刨丝器,ที่ขูด,páosī qì,paau4 si1 hei3,,,
coux,noun,bed,床,เตียง,chuáng,cong4,,,
coux-daauh,noun,head of bed,床头,หัวเตียง,chuángtóu,cong4 tau4,,,
coux-daauh benv,noun,headboard,床头板,แผ่นหัวเตียง,chuángtóu bǎn,cong4 tau4 baan2,,,
coux-duiev,noun,foot of bed,床尾,ท้ายเตียง,chuángwěi,cong4 mei5,,,
coux,noun,place,地方,ที่,dìfang,dei6 fong1,,Literary,
coux,noun,area,区域,พื้นที่,qūyù,keoi1 wik6,,Literary,
coux-ndiev,noun,area under the bed,床下,ใต้เตียง,chuángxià,cong4 haa6,,,
coux-qorng,noun,bed frame,床架,โครงเตียง,chuángjià,cong4 gaa3,,,
cov,noun,wick,灯芯,ไส้ตะเกียง,dēngxīn,dang1 sam1,,,
cov,noun,plant,植物,พืช,zhíwù,zik6 mat6,,Literary,
cov,noun,cud of ox,反刍,อาหารเคี้ยวเอื้อง,fǎnchú,faan2 ceoi4,,Literary,
cuangx,noun,measurement unit from the elbow to the arm,肘尺,หน่วยวัดศอกจากศอกถึงแขน,zhǒuchǐ,zau2 cek3,,,
cueix,noun,enamel,珐琅,เคลือบฟัน,fǎláng,faat3 long4,,,
cui nziaaux ga'naaiv,noun,air pump,气泵,ปั๊มลม,qìbèng,hei3 bang6,,Idiom,
cun,noun,crops,庄稼,พืชผล,zhuāngjia,zong1 gaa1,,,
cun,noun,spring season,春季,ฤดูใบไม้ผลิ,chūnjì,ceon1 gwai3,,,
cun,noun,village,村庄,หมู่บ้าน,cūnzhuāng,cyun1 zong1,,Literary,
cun,noun,hamlet,村落,หมู่บ้านเล็ก,cūnluò,cyun1 lok6,,Literary,
cun gueix,noun,sprin,春,ฤดูใบไม้ผลิ,chūn,ceon1,,,
cun gueix,noun,planting season,播种季,ฤดูเพาะปลูก,bōzhǒng jì,bo1 zung2 gwai3,,,
cun-gen,noun,spring,春,ฤดูใบไม้ผลิ,chūn,ceon1,,,
cung-mienv,noun,type of spirit that causes accidental or violent death,横死鬼,วิญญาณตายโหง,héngsǐ guǐ,waang4 sei2 gwai2,,,
cung-zienh,noun,"hungry, malevolent spirit that demands offerings and sacrifices ",饿鬼,เปรต,èguǐ,ngo6 gwai2,,,
cunx,noun,a unit of measurement about a foot,尺,หน่วยวัดหนึ่งฟุต,chǐ,cek3,,,
cunx,noun,new plant shoot,新芽,หน่อใหม่,xīnyá,san1 ngaa4,,,
cuonh,noun,all kinds,各种,ทุกชนิด,gèzhǒng,gok3 zung2,,,
cuotv-seix dorngx,noun,birthplace,出生地,บ้านเกิด,chūshēngdì,ceot1 sang1 dei6,,,
cuotv-seix hnoi,noun,birthday,生日,วันเกิด,shēngrì,sang1 jat6,,,
cuotv-seix zeiv,noun,birth certificate,出生证明,สูติบัตร,chūshēng zhèngmíng,ceot1 sang1 zing3 ming4,,,
cuqv,noun,threshed but unhusked or unmilled rice grain,糙米,ข้าวเปลือกสีแล้ว,cāomǐ,cou1 mai5,,,
cuqv-maux,noun,chaff,谷壳,แกลบ,gǔké,guk6 hok3,,,
coh,noun,hubbub,喧哗,เสียงเอะอะ,xuānhuá,syun1 waa4,,,
Cun,noun,generation name,字辈,ชื่อรุ่น,zìbèi,zi6 bui3,,,
beic-waanc jaa,noun,wealthy family,富户,ตระกูลมั่งคั่ง,fùhù,fu6 wu6,,,
cun-ciou feix gueix,noun,four seasons,四季,สี่ฤดู,sìjì,sei3 gwai3,,,
apc hnoi ndorm,noun,yesterday morning,昨晨,เมื่อวานเช้า,zuó chén,zok6 san4,,,
cuqv-jauh,noun,fully developed grain husk,谷壳,เปลือกข้าวแก่,gǔké,guk6 hok3,,,
daa-ong,noun,maternal grandfather,外公,ตาของแม่,wàigōng,ngoi6 gung1,,,
daa-ong taaix,noun,mother's paternal grandfather,外曾祖父,ตาทวดฝ่ายแม่,wài zēngzǔ fù,ngoi6 zang1 zou2 fu6,,,
baeqv,numeral,hundred,一百,หนึ่งร้อย,yì bǎi,jat1 baak3,,,
baeqv-yietv,numeral,one hundred and ten,一百一十,หนึ่งร้อยสิบ,yì bǎi yī shí,jat1 baak3 jat1 sap6,,,
baeqv-hmz,numeral,one hundred and fifty,一百五十,หนึ่งร้อยห้าสิบ,yì bǎi wǔ shí,jat1 baak3 ng5 sap6,,,
cic,numeral,seven,七,เจ็ด,qī,cat1,,,Chinese
cietv,numeral,seven,七,เจ็ด,qī,cat1,,Literary,
cietv ziepc cietv,numeral,seventy seven.,七十七,เจ็ดสิบเจ็ด,qī shí qī,cat1 sap6 cat1,,,
buo,numeral,three,三,สาม,sān,saam1,,,
buo waanc,numeral,thirty thousand,三万,สามหมื่น,sān wàn,saam1 maan6,,,
buo waanc i cin,numeral,thirty-two thousand,三万二千,สามหมื่นสองพัน,sān wàn èr qiān,saam1 maan6 ji6 cin1,,,
buo cin,numeral,three thousand,三千,สามพัน,sān qiān,saam1 cin1,,,
biaa,numeral,five,五,ห้า,wǔ,ng5,,,
biaa waanc,numeral,fifty thousand,五万,ห้าหมื่น,wǔ wàn,ng5 maan6,,,
biaa waanc hmz baeqv,numeral,fifty thousand five hundred,五万五百,ห้าหมื่นห้าร้อย,wǔ wàn wǔ bǎi,ng5 maan6 ng5 baak3,,,
biaa cin-hmz,numeral,five thousand five hundred,五千五百,ห้าพันห้าร้อย,wǔ qiān wǔ bǎi,ng5 cin1 ng5 baak3,,,
baac,numeral,eight,八,แปด,bā,baat3,,,Chinese
betv,numeral,eighth,八,แปด,bā,baat3,,,
betv ziepc,numeral,eighty,八十,แปดสิบ,bā shí,baat3 sap6,,,
bienx,numeral,half,半,ครึ่ง,bàn,bun3,,,
biei,numeral,four,四,สี่,sì,sei3,,,
biei waanc,numeral,forty thousand,四万,สี่หมื่น,sì wàn,sei3 maan6,,,
biei cin,numeral,four thousand,四千,สี่พัน,sì qiān,sei3 cin1,,,
cietv,numeral,seventh,第七,ที่เจ็ด,dì qī,dai6 cat1,,,
cin,numeral,thousand,千,พัน,qiān,cin1,,,
bih bungx,onomatopoeia,"intensifier for certain words that begins with ""b""",很（强调）,มาก (เน้น),hěn,han2,,,
borkv,onomatopoeia,the sound of wood being chopped,咔,เสียงสับไม้,kā,kaak1,,,
bakv,onomatopoeia,clack,咔嗒声,เสียงแคล็ก/คั่ก,kā dā shēng,kaat1 daap1 seng1,,Literary,
caetv,onomatopoeia,scissor cutting through paper sound,咔嚓,เสียงกรรไกรตัดกระดาษ,kāchā,kaak1 caa1,,,
bong,onomatopoeia,the sound of something large and hollow being beaten,咚,เสียงกลวงดัง,dōng,dung1,,,
bongh,onomatopoeia,drum beat sound,咚咚,เสียงกลอง,dōngdōng,dung1 dung1,,,
ba'lorngh,onomatopoeia,clank,哐啷声,เสียงโครมคราม,kuāng lāng shēng,kwaang1 laang1 seng1,,,
bang,onomatopoeia,clank,哐啷声,เสียงโครมคราม,kuāng lāng shēng,kwaang1 laang1 seng1,,,
bih bungx bangv,onomatopoeia,sound of multiple guns firing,哒哒哒,เสียงปืนรัว,dādādā,daat3 daat3 daat3,,,
borz,onomatopoeia,the sound made by large amount of water rushing,哗啦,เสียงน้ำไหลแรง,huālā,waa1 laa1,Mbiungc borz-borz nyei njiec. Rain is falling heavily.,,
biaapv,onomatopoeia,the sound made by breaking sticks,啪,เสียงไม้หัก,pā,paak1,,,
bongz,onomatopoeia,the sound of gun fired in the distance,啪,เสียงปืนไกล,pā,paak1,,,
bangv,onomatopoeia,sound of small gun firing,啪啪声,เสียงปืนเล็กป้ะๆ,pā pā shēng,paak1 paak1 seng1,,,
baengv,onomatopoeia,slapping sound,啪的一声,เสียงตบ/ป้ะ,pā de yì shēng,paak1 dik1 jat1 seng1,,,
caex,onomatopoeia,"the sound of hot object dipped in water or wet food dropping into hot pan, pot, or skillet.",嗞,เสียงของร้อนจุ่มน้ำ,zī,zi1,,,
aav haenv,onomatopoeia,ahem,嗯哼,อืม (เสียงกระแอม),èng hēng,ng6 hang1,,,
a'haenv,onomatopoeia,ahem,嗯哼 (เสียงกระแอม),อืม (เสียงกระแอม),èng hēng,ng6 hang1,,,
born,onomatopoeia,autombobile horn sound,嘟,เสียงแตรรถ,dū,dou1,,,
baen,onomatopoeia,horn honking sound,嘟嘟声 (แตรรถ),เสียงแตร (บี๊บ),dūdū shēng,duk1 duk1 seng1,,,
caen,onomatopoeia,the sound of cymbals being struck together,当啷,เสียงฉาบกระทบ,dānglāng,dong1 laang1,,,
bongx,onomatopoeia,the sound of object falling into water,扑通,เสียงตกน้ำ,pūtōng,put1 tung1,,,
baex,onomatopoeia,the sound made by leaf being blown,沙沙声,เสียงซู่ซ่า,shā shā shēng,saa1 saa1 seng1,,,
caev,onomatopoeia,the sound of food drop into hot oil.,滋啦,เสียงอาหารตกลงน้ำมันร้อน,zīlā,zi1 laa1,,,
bakv,onomatopoeia,the sound of loud ticking or clicking as by pendulum clock,滴答声,เสียงติ๊กต๊อก,dī dā shēng,dik1 daap1 seng1,,,
bongv,onomatopoeia,sound of gun fired,砰,เสียงปืน,pēng,paang1,,,
bangh,onomatopoeia,sound of large gun firing,轰鸣声,เสียงปืนใหญ่ดังสนั่น,hōng míng shēng,gung1 ming4 seng1,,,
civ,onomatopoeia,hissing sound,嘶,เสียงฟ่อ,sī,si1,,,
coc,onomatopoeia,sound of something crunchy being chewed,咔嚓,เสียงกรอบเคี้ยว,kāchā,kaak1 caa1,,,
comv,onomatopoeia,sound of splashing water,哗啦,เสียงน้ำกระเซ็น,huālā,waa1 laa1,,,
comx,onomatopoeia,the sound of small plop,啵,เสียงจ๋อม,bō,bo1,,,
corn,onomatopoeia,the sound of something being sawed,吱,เสียงเลื่อย,zhī,zi1,,,
corv,onomatopoeia,raspy sound,沙沙,เสียงสาก,shāshā,saa1 saa1,,,
cungx comx,onomatopoeia,the sound of something jumping or falling into water with plop,咚,เสียงตกน้ำ,dōng,dung1,,,
cutc,onomatopoeia,the sound of short bursts or puffs of air going in or coming out,噗噗,เสียงพ่นลม,pūpū,put1 put1,,,
cuv,onomatopoeia,sound of escaping air hissing,嘶嘶,เสียงลมรั่ว,sīsī,si1 si1,,,
cuz,onomatopoeia,the sound of steam hissing or sizzling when liquid hits something hot,嗞,เสียงน้ำโดนของร้อน,zī,zi1,,,
aqv,particle,used to indicate that action or process is actually or potentially complete.,...了 (แล้วเสร็จ),...แล้ว (เสร็จ/สำเร็จ),...le,...liu5,,,
aqv,particle,used to suggest or urge some course of action.,...吧 (เชิงแนะนำ),...สิ / ...นะ (เสนอแนะ),...ba,...baa1,,,
aa,particle,used at the end of phrase to mark shift to new action or development.,……了 (แล้ว),...แล้ว (บ่งบอกการเปลี่ยนสถานะหรือการกระทำ),...le,...liu5,,,
aav,particle,placed before some time words to indicate future time.,下 (เช่น 下星期),หน้า (เช่น หน้าอาทิตย์),"xià (e.g., xià xīngqī)","haa6*2 (e.g., haa6 sing1 kei4)",,,
aeh,particle,uh,呃 (ลังเล),เอ่อ (เสียงลังเล),è (hesitation),ak1,,,
aac,particle,used to call to someone or to get someone's attention from distance.,喂！ (远距离),เอ้อ! / เฮ้! (เรียกจากไกล),wèi!,wai3!,,,
aec,particle,"used to indicate agreement or assent, yes, OK",嗯 (ตกลง),อือ (ตกลง/โอเค),èn (agreement),ng6,,,
Aav,particle,"used before kin terms, terms of address, names, or nicknames to indicate familiarity or affection.",小 (เช่น 小李),หนู / เล็ก (แสดงความคุ้นเคย/ความรัก),"xiǎo (e.g., Xiǎo Lǐ)","siu2 (e.g., siu2 lei5)",,,
aav maah,particle,used to issue command.,快！,เร็ว! (คำสั่ง),kuài!,faai3!,,,
aeqc,particle,yes,是的,ใช่,shì de,si6 dik1,,,
apc,particle,used to indicate past time in few expressions.,来 (如：来年),ที่ผ่านมา (เช่น ปีที่ผ่านมา),"lái (e.g., láinián)","loi4 (e.g., loi4 nin4)",,,
aah,particle,used to call someone's attention from close by.,欸。 (近距离),เอ๋。 (เรียกจากใกล้),êi.,ei6.,,,
aeqv,particle,then,然后,แล้วก็,ránhòu,jin4 hau6,,,
aex,particle,"really, you know, you realize of course.",真是的 (คุณรู้ไหม/แน่นอน),จริงๆเลยนะ (คุณรู้ไหม/แน่นอน),zhēnshì de,zan1 si6 dik1,,,
aa,particle,used at the end of phrase to mark examples in series.,等等,เป็นต้น,děngděng,dang2 dang2,,,
aa,particle,"used with certain time words to indicate past time, most often in the contracted form a'.",阿（过去）,คำบอกอดีต,ā,aa3,,,
da',particle,Contraction of daaih or daah,嗒,คำย่อเสียง,dā,daap1,,,
Cietv ,noun,Seventh Daughter (first part of a name),七娘,เจ็ดนาง,qī niáng,cat1 noeng4,,,
Bienh Hungh,noun,Mythical Mien king,盘王,กษัตริย์เมี่ยนในตำนาน,Pán Wáng,pun4 wong4,,,
Aengh Doih,noun,Butterfly Lover story female character,祝英台 (ตัวละครหญิง),จู้อิงไถ (ตัวละครหญิง),Zhù Yīngtái,zuk1 jing1 toi4*2,,,Chinese
Cengx,noun,first part of a given name of a child born with umbilical cord wrapped around the neck.,缠名,ชื่อเด็กสายสะดือพันคอ,chán míng,cin4 ming4,,,
Canh Zeiv,noun,"A Yao subgroup known as Indigo, Lantien, or Shanxi Yao",蓝靛瑶,ชาวยาโอคราม,Lándiàn Yáo,laam4 din6 jiu4,,,
Bienh,noun,clan name Bienh/Phan,邊 / 潘（姓）,แซ่เบียน/พาน,Biān / Pān,bin1 / pun1,,,
Aa,prefix,"used before kin terms, terms of address, names, or nicknames to indicate familiarity or affection.",阿,คำนำหน้าแสดงความสนิท,ā,aa3,,,
da',prefix,prefixt for certain two-syllable words,阿,คำนำหน้าคำสองพยางค์,ā,aa3,,,
da',prefix,prefix for name of some plants or trees,木,คำนำหน้าชื่อพืช,mù,muk6,,,
da',prefix,prefix for ordinal numbers,第,คำนำหน้าเลขลำดับ,dì,dai6,,,
caux,preposition,with,与,กับ,yǔ,jyu5,,,
caux,preposition,and,和,และ,hé,wo4,,,
bieqc,preposition,into,进,เข้า,jìn,zeon3,,,
cih,preposition,except,除了,ยกเว้น,chúle,ceoi4 liu5,,,
aa nyei,pronoun,my,我,ฉัน,wǒ,ngo5,,,
aa nyei,pronoun,mine,活跃的孩子 (姓名),ลูกที่ขยัน/คล่องแคล่ว (ชื่อ),huóyuè de háizi (xìngmíng),wut6 joek6 dik1 haai4 zi2 (sing3 ming4),,,
cietv,verb,to lacquer,上漆,ลงรัก,shàng qī,soeng6 cat1,,,
bungx jiemx,verb,to cast magic curse,下咒,สาปแช่ง,xiàzhòu,haa6 zau3,,,
biopc,verb,to sag,下垂,หย่อน,xià chuí,haa6 seoi4,,,
biopc,verb,to sink,下沉,จม,xià chén,haa6 cam4,,,
aapv jaax,verb,to urge each other,互相催促,เร่งกันและกัน,hùxiāng cuīcù,wu6 soeng1 ceoi1 cuk1,,,
aix,verb,to copulate,交合,ร่วมเพศ,jiāohé,gaau1 hap6,,,
cuotv,verb,to pay,付款,จ่ายเงิน,fùkuǎn,fu6 fun2,,,
cai,verb,to estimate,估计,ประเมิน,gūjì,gu1 gei3,,,
bungx faatv,verb,to cast magic spell,作法,ทำพิธีเวทมนตร์,zuòfǎ,zok3 faat3,,,
buv,verb,to protect,保护,ปกป้อง,bǎohù,bou2 wu6,,,
beu sengh laengz,verb,to insurance,保险,ทำประกัน,bǎoxiǎn,bou2 him2,,,
buangc,verb,to lean gainst,倚靠,พิง,yǐkào,ji2 kaau3,,,
bueic,verb,to lean against something,倚靠,พิง,yǐkào,ji2 kaau3,,,
ciepv,verb,to peek,偷看,แอบดู,tōukàn,tau1 hon3,,,
an,verb,to store,储存,เก็บ,chǔcún,cyu5 cyun4,,,
bun,verb,to allow,允许,อนุญาต,yǔnxǔ,wan5 heoi2,,,
biornc,verb,to protrude,凸出,โป่งออก,tū chū,dat6 ceot1,,,
cuotv,verb,to go out,出去,ออกไป,chūqù,ceot1 heoi3,,,
cuotv,verb,to exit,出口,ออก,chūkǒu,ceot1 hau2,,,
bungx sieqv,verb,to marry daughter off,出嫁,ยกลูกสาวแต่ง,chūjià,ceot1 gaa3,,,
cuotv,verb,to come out,出来,ออกมา,chūlái,ceot1 loi4,,,
cuotv-hanc,verb,to perspire,出汗,เหงื่อออก,chūhàn,ceot1 hon6,,,
cuotv-hanc,verb,to sweat,出汗,เหงื่อออก,chūhàn,ceot1 hon6,,,
cuotv-seix,verb,to born,出生,เกิด,chūshēng,ceot1 sang1,,,
caax,verb,to fork,分叉,แตกแขนง,fēnchā,fan1 caa1,,,
caax,verb,to branch out,分支,แตกแขนง,fēnzhī,fan1 zi1,,,
bun nqoi,verb,to apportion,分配,แบ่งสรร,fēnpèi,fan1 pui3,,,
bun nqoi,verb,to divide up,分配,แบ่งสรร,fēnpèi,fan1 pui3,,,
corh -nyaah,verb,to brush teeth,刷牙,แปรงฟัน,shuāyá,caat3 ngaa4,,,
congx-congx,verb,to embroider,刺绣,ปัก,cìxiù,ci3 sau3,,,
congx,verb,to embroider,刺绣,ปัก,cìxiù,ci3 sau3,,,
borngz ndiangx,verb,to split wood into boards,劈板,ผ่าไม้เป็นแผ่น,pī bǎn,pek3 baan2,"Ninh mborngz ndiangx zoux ngaaz gumv biauv. ""He split woods into board to build roof.""",,
camx hnaangx,verb,to conduct funeral ceremony ritual meals,办丧宴,จัดเลี้ยงพิธีศพ,bàn sāngyàn,baan6 song1 jin3,,,
bieqc,verb,to join,加入,เข้าร่วม,jiārù,gaa1 jap6,,,
atv,verb,to compress,压缩,บีบอัด,yāsuō,aat3 sok1,,,
aengv,verb,to reflect,反射,สะท้อน,fǎn shè,faan2 se6,,,
ciou,verb,to have seizure,发作,ชัก,fāzuò,faat3 zok3,,,
aengv,verb,to shine,发光,ส่องแสง,fā guāng,faat3 gwong1,,,
baetv,verb,to sprout,发芽,แตกหน่อ,fāyá,faat3 ngaa4,,,
butv,verb,to become,变成,กลายเป็น,biànchéng,bin3 sing4,,,
a'lanh,verb,to stutter,口吃,พูดติดอ่าง,kǒuchī,hau2 hek3,,,
amv,verb,to eat,吃,กิน,chī,hek3,,Baby,
caengx faaux,verb,to push upward,向上推,ดันขึ้น,xiàng shàng tuī,hoeng3 soeng6 teoi1,,,
cangx gaa wuonc quoqv,verb,to sing song (using both words and tune),吟唱,ขับร้องแบบขาน/ทำนอง,yín chàng,jam4 coeng3,,Literary,
cinh ninh,verb,to let it be,听其自然,ปล่อยไป,tīng qí zìrán,ting1 kei4 zi6 jin4,,,
buov in,verb,to smoke opium,吸鸦片,สูบฝิ่น,xī yā piàn,kap1 aa1 pin3,,,
biomv,verb,to blow,吹,เป่า,chuī,ceoi1,,,
buonc,verb,to blow,吹气,เป่าลม,chuīqì,ceoi1 hei3,,,
civ mengh,verb,to give name or title to,命名,ตั้งชื่อ,mìngmíng,ming6 ming4,,Literary,
apc,verb,to bite.,咬,กัด,yǎo,ngaau5,,Baby,
aauz,verb,to cry,哭,ร้องไห้,kū,huk1,,Baby,
ca'laangh,verb,to discuss,商量,ปรึกษา,shāngliáng,soeng1 loeng4,,,
baetv,verb,to spurt,喷射,พุ่ง,pēnshè,pan1 se6,,,
buic,verb,to reciprocate,回报,ตอบแทน,huí bào,wui4 bou3,,,
ciex nqoi,verb,to evade,回避,หลบเลี่ยง,huíbì,wui4 bei6,,,
aev div,verb,to defecate,大便,ถ่ายอุจจาระ,dàbiàn,daai6 bin6,,Baby,
buoc,verb,to incubate,孵化,ฟัก,fūhuà,fu1 faa3,,,
buoc jaux,verb,to brood,孵育,ฟัก / กก,fūyù,fu1 juk6,,,
an,verb,to install,安装,ติดตั้ง,ānzhuāng,on1 zong1,,,
baac,verb,to finish,完成,เสร็จสิ้น,wánchéng,jyun4 sing4,,,
binv,verb,to announce,宣布,ประกาศ,xuānbù,syun1 bou3,,Literary,
bei,verb,to aware,察觉,ตระหนักรู้,chájué,caat3 gok3,,,
bongv,verb,to shoot,射击,ยิง,shè jī,se6 gik1,,Baby,
bongv gaex,verb,to shoot bird,射鸟,ยิงนก,shè niǎo,se6 niu5,,Baby,
aev nzae,verb,to urinate,小便,ปัสสาวะ,xiǎobiàn,siu2 bin6,,,
comh,verb,to take issue and blow it out of proportion,小题大做,ขยายเรื่องเล็ก,xiǎo tí dà zuò,siu2 tai4 daai6 zou6,,,
buoqc-zaangc,verb,to worship,崇拜,บูชา,chóngbài,cung4 baai3,,,
buonv,verb,to shoot,开枪,ยิง,kāi qiāng,hoi1 coeng1,,,
bungx dang,verb,to turn on light,开灯,เปิดไฟ,kāi dēng,hoi1 dang1,,,
caqv,verb,to be mistaken,弄错,ทำผิด,nòngcuò,lung6 co3,,Literary,
aav zuqc,verb,to obligate,强制,บังคับ,qiángzhì,koeng4 zi3,,,
aqv zuqc,verb,to obligate,强制,บังคับ,qiángzhì,koeng4 zi3,,,
aapv hoic,verb,to force,强迫,บังคับ,qiǎngpò,koeng5 bok3,,,
atv waac,verb,to record sound,录音,บันทึกเสียง,lù yīn,luk6 jam1,,,
civ,verb,to cut off completely,彻底切断,ตัดขาด,chèdǐ qiēduàn,cit3 dai2 cit3 dyun6,,,
aav zuqc,verb,to have to,必须,จำเป็นต้อง,bìxū,bit1 seoi1,,,
aqv zuqc,verb,to have to,必须,จำเป็นต้อง,bìxū,bit1 seoi1,,,
aav zuqc,verb,must,必须,ต้อง,bìxū,bit1 seoi1,,,
aqv zuqc,verb,must,必须,ต้อง,bìxū,bit1 seoi1,,,
aengv,verb,to glare,怒视,จ้องเขม็ง,nùshì,nou6 si6,,,
aix,verb,to fuck,性交,ร่วมเพศ,xìngjiāo,sing3 gaau1,,,
biatc,verb,to startle,惊吓,ทำให้ตกใจ,jīngxià,ging1 haa6,,,
benx,verb,to become,成为,กลายเป็น,chéngwéi,sing4 wai4,,,
coqv,verb,to poke into,戳入,แทงเข้า,chuō rù,coek3 jap6,,,
buonc,verb,to fan,扇,พัด,shàn,sin3,,,
butv jae-ndaatv,verb,to have finger cramp,手指抽筋,นิ้วเป็นตะคริว,shǒuzhǐ chōujīn,sau2 zi2 cau1 gan1,,Idiom,
caengx faanx,verb,to open umbrella,打伞,กางร่ม,dǎ sǎn,daa2 saan2,,,
ciuv,verb,to sneeze,打喷嚏,จาม,dǎ pēntì,daa2 pan1 ti3,,,
bungx zieqc,verb,to turn on,打开,เปิด,dǎkāi,daa2 hoi1,,,
borngz jaax,verb,to fight,打斗,ต่อสู้,dǎdòu,daa2 dau3,,,
biortc,verb,to break,打破,ทำแตก,dǎpò,daa2 po3,,,
borngz mba'ong,verb,to thunder,打雷,ฟ้าร้อง,dǎléi,daa2 leoi4,,,
atv,verb,to withold,扣留,ระงับไว้,kòuliú,kau3 lau4,,,
cang,verb,to rear up,扬起前蹄,ลุกผงาด,yáng qǐ qián tí,joeng4 hei2 cin4 tai4,,,
aaux,verb,to twist,扭转,บิด,niǔzhuǎn,nau2 zyun2,,,
biu,verb,to hurl,投掷,ขว้าง,tóuzhì,tau4 zaak6,,,
ceuv,verb,to grouse,抱怨,บ่น,bàoyuàn,bou6 jyun3,,,
ciou,verb,to convulse,抽搐,ชัก,chōuchù,cau1 cuk1,,,
buov in-mbiaatc,verb,to smoke cigarette,抽烟,สูบบุหรี่,chōu yān,cau1 jin1,,,
bungx nqaiv,verb,to defecate,拉屎,ขี้,lāshǐ,laai1 si2,,Euphemism,
bungx nqaiv,verb,to poop,拉屎,ขี้,lāshǐ,laai1 si2,,,
aamx fangx,verb,to photograph,拍照,ถ่ายรูป,pāizhào,paak3 ziu3,,,
aamx fangx,verb,to take picture,拍照,ถ่ายรูป,pāizhào,paak3 ziu3,,,
con mouh,verb,to pluck feathers,拔毛,ถอนขน,bá máo,bat6 mou4,,Literary,
baux,verb,to scoot,挪动,เลื่อน/ขยับ,nuó dòng,no4 dung6,,,
bungx ndortv,verb,to drop,掉落,ตก,diàoluò,diu6 lok6,,,
aev,verb,to excrete,排泄,ขับถ่าย,páixiè,paai4 sit3,,Baby,
coqv,verb,to stick into,插入,เสียบเข้า,chārù,caap3 jap6,,,
cungh,verb,to sway,摇摆,แกว่ง,yáobǎi,jiu4 baai2,,,
cungh,verb,to rock,摇晃,โยก,yáo huàng,jiu4 fong2,,,
ceuv,verb,to pout,撅嘴,ทำปากยื่น,juēzuǐ,kyut3 zeoi2,,,
bungx yiez,verb,to urinate,撒尿,ปัสสาวะ,sā niào,saa1 niu6,,,
borngz mungz,verb,to cast fishing net,撒网,ทอดแห,sāwǎng,saat3 mong5,,,
borngz mbiauz,verb,to fishing net,撒网捕鱼,จับปลาด้วยแห,sā wǎng bǔyú,saat3 mong5 bou2 jyu4,,,
borngz,verb,to netcasting fishing,撒网捕鱼,ทอดแหจับปลา,sā wǎng bǔyú,saat3 mong5 bou2 jyu4,,,
baav,verb,to support,支持,สนับสนุน,zhīchí,zi1 ci4,,,
aaux,verb,to alter,改变,เปลี่ยนแปลง,gǎibiàn,goi2 bin3,,,
bun,verb,to let,放,ปล่อย,fàng,fong3,,,
an,verb,to put,放,วาง/ใส่,fàng,fong3,,,
bungx,verb,to let out,放出,ปล่อยออก,fàngchū,fong3 ceot1,,,
bungx buotv,verb,to fart,放屁,ตด,fàngpì,fong3 pei3,,,
bakv,verb,to whack,敲打,ตี,qiāodǎ,haau1 daa2,,,
binc,verb,to tidy,整理,จัดระเบียบ,zhěnglǐ,zing2 lei5,,,Chinese
bieqc hnyouv,verb,to comprehend,明白,เข้าใจ,míngbai,ming4 baak6,,,
bieqc hnyouv,verb,to understand,明白,เข้าใจ,míngbai,ming4 baak6,,,
benx,verb,to be,是,เป็น,shì,si6,,,
borngz nziaaux,verb,to storm,暴风,พายุ,bàofēng,bou6 fung1,,,
butv,verb,to have,有,มี,yǒu,jau5,,,
cien,verb,to be kin,有亲,เป็นญาติ,yǒu qīn,jau5 can1,,,
cien,verb,to be related,有关,เกี่ยวข้อง,yǒu guān,jau5 gwaan1,,,
cun biei,verb,to kill pig (used to prevent spirits from knowing),杀猪避灵,ฆ่าหมูเลี่ยงผี,shā zhū bì líng,saat3 zyu1 bei6 ling4,,Idiom,
aec,verb,to die,死亡,ตาย,sǐwáng,sei2 mong4,,,
congx,verb,to batter,殴打,ทุบตี,ōudǎ,au1 daa2,,,
baanh,verb,to contemplate,沉思,ครุ่นคิด,chénsī,cam4 si1,,,
cix,verb,to pour water onto hot burning object,泼水,สาดน้ำ,pō shuǐ,put3 seoi2,,,
baeqc-baeqc sin,verb,to bathe,洗澡,อาบน้ำ,xǐzǎo,sai2 zou2,,Baby,
comv-comv,verb,to take bath,洗澡,อาบน้ำ,xǐzǎo,sai2 zou2,,Baby,
cuotv wuom-mueic,verb,to tear,流泪,น้ำตาไหล,liúlèi,lau4 leoi6,,,
congx,verb,to surge,涌起,พุ่งขึ้น,yǒngqǐ,jung2 hei2,,,
biuv,verb,to clear unburned branches after field is burned,清枝,เก็บกิ่งที่เหลือ,qīngzhī,cing1 zi1,,,
butv inv,verb,to be craving,渴求,อยากอย่างแรง,kěqiú,hot3 kau4,,,
bun nqoi,verb,to dissolve,溶解,ละลาย,róngjiě,jung4 gaai2,,,
buov dang,verb,to light lamp,点灯,จุดตะเกียง,diǎn dēng,dim2 dang1,,,
cunv,verb,to annoy,烦扰,รบกวน,fánrǎo,faan4 jiu2,,,
baanx,verb,to move around restlessly,烦躁走动,เดินไปมาอย่างกระสับกระส่าย,fánzào zǒudòng,faan4 zou3 zau2 dung6,,,
buov,verb,to burn,烧,เผา,shāo,siu1,,,
buov liangx,verb,to burn field,烧田,เผาไร่,shāo tián,siu1 tin4,,,
buov siex,verb,to burn petitions for protecting or saving lives,焚表,เผากระดาษพิธี,fén biǎo,fan4 biu2,,,
coqv-huv,verb,to incite,煽动,ปลุกปั่น,shāndòng,sin1 dung6,,,
betc,verb,to burst,爆裂,แตกกระจาย,bàoliè,baau3 lit6,,,
cai,verb,to guess,猜,เดา,cāi,caai1,,,
buih zoih,verb,to make offering to wild animal caretaker spirit for successful hunt,献祭山神,เซ่นผีป่า,xiànjì shānshén,hin3 zai3 saan1 san4,,,
ceux,verb,to play,玩,เล่น,wán,waan2,,,
bei,verb,to comprehend,理解,เข้าใจ,lǐjiě,lei5 gaai2,,,
bei,verb,to understand,理解,เข้าใจ,lǐjiě,lei5 gaai2,,,
buov douz,verb,to start a fire,生火,ก่อไฟ,shēnghuǒ,sang1 fo2,,,
an,verb,to apply,申请,สมัคร / ยื่นคำขอ,shēnqǐng,san1 cing2,,,
bix,verb,to sleep,睡,นอน,shuì,seoi6,,Baby,
bueix,verb,to sleep,睡觉,นอนหลับ,shuì jiào,seoi6 gaau3,,,
bei,verb,to know,知道,รู้,zhīdào,zi1 dou6,,,
buv youc,verb,to bless and protect,祈福护佑,อวยพรคุ้มครอง,qífú hùyòu,kei4 fuk1 wu6 jau6,,,
cuotv,verb,to leave,离开,ออกไป,líkāi,lei4 hoi1,,,
baux,verb,to move,移动,เคลื่อนย้าย,yídòng,ji4 dung6,,,
baetv,verb,to jut,突出,โผล่,tūchū,dat6 ceot1,,,
ca'laangh,verb,to plan,筹划,วางแผน,chóuhuà,cau4 waa6,,,
an,verb,to lace,系带,ผูกเชือก,xì dài,hai6 daai3,,,
cunv,verb,to pester,纠缠,รบเร้า,jiūchán,gau1 cin4,,,
buangh,verb,to experience,经历,ประสบ,jīnglì,ging1 lik6,,,
borqv,verb,to join together,结合,รวมกัน,jiéhé,git3 hap6,,,
bun,verb,to give,给,ให้,gěi,kap1,,,
ciqv,verb,to knit,编织,ถัก,biānzhī,bin1 zik1,,,
baaic,verb,to shame,羞辱,ทำให้อับอาย,xiū rǔ,sau1 juk6,,,
biornc,verb,to jut,翘起,ชี้ขึ้น,qiào qǐ,kiu3 hei2,,,
baanh,verb,to consider,考虑,พิจารณา,kǎolǜ,haau2 leoi6,,,
biomh,verb,to congregate,聚集,รวมตัว,jùjí,zeoi6 zap1,,,
biomh,verb,to gather,聚集,รวมตัว,jùjí,zeoi6 zap1,,,
buih,verb,to recite,背诵,ท่อง,bèi sòng,bui3 zung6,,,
bioh,verb,to fall out,脱落,หลุดร่วง,tuōluò,tyut3 lok6,,,
aeng,verb,to distended,膨胀,พอง,péngzhàng,paang4 zoeng3,,,
bingx,verb,hide,藏,ซ่อน,cáng,cong4,,,
biortc,verb,to crack,裂开,แตก,lièkāi,lit6 hoi1,,,
buangh,verb,to meet,见面,พบกัน,jiànmiàn,gin3 min6,,,
bungx,verb,to free,解放,ปลดปล่อย,jiěfàng,gaai2 fong3,,,
bun nqoi,verb,to disperse,解散,สลาย,jiěsàn,gaai2 saan3,,,
caangh laangh,verb,to plan,计划,วางแผน,jìhuà,gei3 waa6,,,
caangh laangh,verb,to discuss,讨论,อภิปราย,tǎolùn,tou2 leon6,,,
bun,verb,to let,让,อนุญาต,ràng,joeng6,,,
atv,verb,to record,记录,บันทึก,jì lù,gei3 luk6,,,
binv,verb,to say,说,พูด,shuō,syut3,,Literary,
biux,verb,to make clear,说明,ชี้แจง,shuōmíng,syut3 ming4,,,
cox,verb,to utter slander,诽谤,ใส่ร้าย,fěibàng,fei2 bong3,,,
cortc,verb,to take responsibility for,负责,รับผิดชอบ,fùzé,fu6 zaak3,,Slang,
ciakc,verb,to get up,起床,ลุกขึ้น,qǐchuáng,hei2 cong4,,Baby,
biu,verb,to leap,跃,กระโจน,yuè,joek6,,,
biu,verb,to jump,跳,กระโดด,tiào,tiu3,,,
cangx heix,verb,to dance,跳舞,เต้น,tiàowǔ,tiu3 mou5,,,
cungh,verb,to stagger,踉跄,โซเซ,liàngqiàng,loeng6 coeng3,,,
comx,verb,to step into something,踏入,ก้าวเข้า,tàrù,daap6 jap6,,,
bueix,verb,to lie down,躺下,นอนลง,tǎngxià,tong2 haa6,,,
caengx sic,verb,to defend legal case,辩护,แก้ต่างคดี,biànhù,bin6 wu6,,,
bieqc,verb,to enter,进入,เข้า,jìnrù,zeon3 jap6,,,
borqv,verb,to connect,连接,เชื่อมต่อ,liánjiē,lin4 zip3,,,
biaux,verb,to escape,逃脱,หลบหนี,táotuō,tou4 tyut3,,,
baux,verb,to flee,逃跑,หนี,táopǎo,tou4 paau2,,Baby,
biaux,verb,to flee,逃跑,หนี,táopǎo,tou4 paau2,,,
cunv,verb,to hand out something with stretched out hand,递出,ยื่นให้,dìchū,dik6 ceot1,,,
binv,verb,to inform,通知,แจ้ง,tōngzhī,tung1 zi1,,Literary,
borh norz,verb,to thank you,道谢,ขอบคุณ,dàoxiè,dou6 ze6,,,
buangh,verb,to encounter,遭遇,พบเจอ,zāoyù,zou1 jyu6,,,
ciex nqoi,verb,to avoid,避免,หลีกเลี่ยง,bìmiǎn,bei6 min5,,,
bungx,verb,to release,释放,ปล่อย,shì fàng,si3 fong3,,,
ciqv,verb,to crochet,钩编,ถักโครเชต์,gōubiān,ngau1 bin1,,,
atv,verb,to suppress,镇压,ปราบปราม,zhènyā,zan3 aap3,,,
borngz mba'lingc,verb,to lightning,闪电,ฟ้าแลบ,shǎndiàn,sim2 din6,,,
caengx,verb,to defend,防守,ป้องกัน,fángshǒu,fong4 sau2,,,
bingx,verb,to conceal,隐藏,ซ่อน,yǐncáng,jan2 cong4,,,
borngz mbuo-nziaaux,verb,to thunder and lightning,雷电,ฟ้าคะนอง,léidiàn,leoi4 din6,,,
beuv,verb,to satiety,饱足,ความอิ่ม,bǎo zú,baau2 zuk1,,,
civ,verb,to drive out,驱逐,ขับไล่,qūzhú,keoi1 zuk6,,,
cie geh,verb,to raise flag or banner,升旗,ชักธง,shēng qí,sing1 kei4,,,
capv,verb,to increase,增加,เพิ่ม,zēngjiā,zang1 gaa1,,,
capv,verb,to extend,延伸,ขยาย,yánshēn,jin4 san1,,,
cie wuom,verb,to lift water out of well,提水,ชักน้ำ,tí shuǐ,tai4 seoi2,,,
cepv mbiauh,verb,to transplant rice seedlings,插秧,ดำนา,chāyāng,caap3 joeng1,,,
cam zueiv,verb,to butt in to argument,插话,แทรกคำพูด,chāhuà,caap3 waa6,,,
ceix,verb,to bestow,赐予,ประทาน,cìyǔ,ci3 jyu5,,,
buic,verb,to saddle up horse or cow,上鞍,ใส่อาน,shàng ān,soeng5 on1,,,
bouh,verb,to lift,举起,ยก,jǔqǐ,geoi2 hei2,,,
bouh,verb,to raise,举起,ยกขึ้น,jǔ qǐ,geoi2 hei2,,,
caangv,verb,to fight to get,争夺,แย่งชิง,zhēngduó,zang1 dok6,Caangv ga'naaiv. Fight to more than others,,
coiv,verb,to interact,互动,โต้ตอบ,hùdòng,wu6 dung6,,,
buic gong,verb,to reciprocate work,以劳动回报,ตอบแทนด้วยแรงงาน,yǐ láo dòng huí bào,ji5 lou4 dung6 wui4 bou3,,,
corng,verb,"to put up by stretching out, stretch out",伸展,ยืดออก,shēnzhǎn,san1 zin2,,,
bangc,verb,to depend,依赖,พึ่งพา,yīlài,ji1 laai6,,,
bangc kaux,verb,to depend on,依靠,พึ่งพา,yīkào,ji1 kaau3,,,
bangc kaux,verb,to rely on,依靠,พึ่งพา,yī kào,ji1 kaau3,,,
cietv,verb,to spy,侦察,สอดแนม,zhēnchá,zan1 caa4,,,
baamz,verb,to violate,侵犯,ละเมิด,qīnfàn,cam1 faan6,,,
buang hmien,verb,to save face,保全面子,รักษาหน้า,bǎo quán miàn zi,bou2 cyun4 min6 zi2,,,
beu,verb,to protect,保护,ปกป้อง,bǎohù,bou2 wu6,,,
beu,verb,to guarantee,保证,รับประกัน,bǎozhèng,bou2 zing3,,,
ciev,verb,to pour,倒,เท,dào,dou3,,,
congh,verb,to advocate,倡导,สนับสนุนแนวคิด,chàngdǎo,coeng3 dou6,,,
cienh,verb,to snoop,偷窥,แอบสอดแนม,tōukuī,tau1 kwai1,,,
buih,verb,to pay back,偿还,ชำระคืน,chánghuán,soeng4 waan4,,,
aapv,verb,to urge,催促,เร่ง,cuīcù,ceoi1 cuk1,,,
aapv,verb,to urge,催促,เร่ง,cuīcù,ceoi1 cuk1,,,
butv dongh,verb,to go into trance,入神,เข้าทรง,rùshén,jap6 san4,,,
baamz,verb,to offend,冒犯,ลบหลู่,màofàn,mou6 faan6,,,
cong,verb,to offend,冒犯,ลบหลู่,màofàn,mou6 faan6,,,
coux,verb,to offending,冒犯行为,การล่วงเกิน,màofàn xíngwéi,mou6 faan6 hang4 wai4,,Literary,
beqv,verb,to rush,冲,พุ่ง,chōng,cung1,,,
biaah,verb,to paddle,划桨,พาย,huá jiǎng,waa4 zoeng2,,,
biaah,verb,to scrape,刮,ขูด,guā,gwaat3,,,
baauh,verb,to smoothing objects by scraping,刮平,ขูดให้เรียบ,guā píng,gwaat3 ping4,,,
baah,verb,to scrape or shove away,刮走,ขูดออก,guā zǒu,gwaat3 zau2,,,
corh,verb,to scrub,刷洗,ขัดล้าง,shuāxǐ,caat3 sai2,,,
baqv,verb,to prick,刺,แทง,cì,ci3,,,
cimx,verb,to piece into something with a sharp tool,刺入,แทงเข้า,cìrù,ci3 jap6,,,
baqv,verb,to pierce,刺穿,แทงทะลุ,cìchuān,ci3 cyun1,,,
borng,verb,to strengthen,加强,เสริมกำลัง,jiāqiáng,gaa1 koeng4,,,
beu,verb,to package,包装,บรรจุ,bāozhuāng,baau1 zong1,,,
beu,verb,to wrap,包裹,ห่อ,bāoguǒ,baau1 gwo2,,,
borng,verb,to assist,协助,ช่วยเหลือ,xiézhù,hip6 zo6,,,
bouh,verb,to carry with both hands,双手捧,อุ้มด้วยสองมือ,shuāngshǒu pěng,soeng1 sau2 pung2,,,
civ,verb,to issue,发布,ออกประกาศ,fābù,faat3 bou3,,,
butv ga'qiex,verb,to become angry,发怒,โกรธ,fānù,faat3 nou6,,,
butv-hornh,verb,to be trembling,发抖,ตัวสั่น,fādǒu,faat3 dau2,,,
cung,verb,to injure,受伤,บาดเจ็บ,shòushāng,sau6 soeng1,,,
bitv,verb,to spit,吐,ถ่มน้ำลาย,tǔ,tou3,,,
da'nziaaux faan,verb,to fall over backwards.,向后跌倒,ล้มถอยหลัง,xiàng hòu diēdǎo,hoeng3 hau6 dit3 dou2,,,
cei,verb,to hanker,向往,โหยหา,xiàngwǎng,hoeng3 wong5,,,
ceng,verb,to boast,吹嘘,คุยโว,chuīxū,ceoi1 heoi1,,,
box,verb,"to inform,",告知,แจ้ง,gàozhī,gou3 zi1,,,
box,verb,to tell,告诉,บอก,gàosù,gou3 sou3,,,
aapc,verb,to bite,咬,กัด,yǎo,ngaau5,,,
corngv,verb,to nag,唠叨,บ่นซ้ำๆ,láodao,lou4 dou6,,,
baaux,verb,to sing,唱,ร้อง,chàng,coeng3,,,
cangx gaa,verb,to sing song,唱歌,ร้องเพลง,chàng gē,coeng3 go1,,Literary,
cenv,verb,to sing complimentary song,唱贺歌,ร้องเพลงชม,chàng hè gē,coeng3 ho6 go1,,,
bienv,verb,to evade ,回避,หลบเลี่ยง,huíbì,wui4 bei6,,,
beqv,verb,to insist,坚持,ยืนกราน,jiānchí,gin1 ci4,,,
biopv,verb,to bury,埋葬,ฝัง,mái zàng,maai4 zong3,,,
biopv,verb,to inter,埋葬,ฝัง,mái zàng,maai4 zong3,,,
bangx,verb,to clog ,堵塞,อุดตัน,dǔsè,dou2 sak1,,,
cepv,verb,to stick into tight space,塞入,สอดเข้า,sāirù,sak1 jap6,,,
caamv,verb,to add wedge-shaped piece to,塞楔,ใส่ลิ่ม,sāi xiē,sak1 sit3,,,
ceu,verb,to duplicate,复写,เขียนซ้ำ,fùxiě,fu6 se2,,,
ceu,verb,to copy,复制,คัดลอก,fùzhì,fu6 zi3,,,
corngx,verb,to tamp,夯实,อัดแน่น,hāngshí,haang1 sat6,,,
ceng,verb,to brag,夸耀,โอ้อวด,kuāyào,kwaa1 jiu6,,,
ceng,verb,to flatter,奉承,ประจบ,fèngchéng,fung6 sing4,,,
bien,verb,to interrogate,审问,สอบสวน,shěnwèn,sam2 man6,,,
box,verb,to announce,宣告,ประกาศ,xuāngào,syun1 gou3,,,
civ,verb,to declare,宣布,ประกาศ,xuānbù,syun1 bou3,,,
civ,verb,to pronounce,宣读,อ่านออกเสียง,xuāndú,syun1 duk6,,,
buoqc,verb,to honor,尊敬,เคารพ,zūnjìng,zeon1 ging3,,,
baaiv,verb,to display,展示,แสดง,zhǎnshì,zin2 si6,,,
buoqc,verb,to venerate,崇敬,เคารพบูชา,chóngjìng,cung4 ging3,,,
borng,verb,to help,帮助,ช่วย,bāngzhù,bong1 zo6,,,
cam,verb,to interfere,干扰,รบกวน,gānrǎo,gon1 jiu2,,,
cam,verb,to meddle,干涉,แทรกแซง,gānshè,gon1 sip3,,,
ceix,verb,to establish,建立,จัดตั้ง,jiànlì,gin3 lap6,,,
ceix,verb,to construct,建造,สร้าง,jiànzào,gin3 zou6,,,
ciev,verb,to lead,引导,นำ,yǐndǎo,jan5 dou6,,,
aauv,verb,to bend,弯曲,งอ,wānqū,waan1 kuk1,,,
caa,verb,to rape,强奸,ข่มขืน,qiáng jiān,koeng4 gaan1,,,
aapv,verb,to compel,强迫,บังคับ,qiǎngpò,koeng5 bok3,,,
buih,verb,to restitute,归还,คืน,guī huán,gwai1 waan4,,,
civ,verb,to levy,征收,征收,zhēngshōu,zing1 sau1,,,
beic,verb,to disregard,忽视,เพิกเฉย,hūshì,fat1 si6,,,
butv houh saa,verb,to have venereal disease.,性病,เป็นกามโรค,xìngbìng,sing3 beng6,,,
butv haa,verb,to have cold,感冒,เป็นหวัด,gǎnmào,gam2 mou6,,,
cam,verb,to interrupt,打断,ขัดจังหวะ,dǎduàn,daa2 dyun6,,,
aaux,verb,to distort,扭曲,บิดเบี้ยว,niǔqū,nau2 kuk1,,,
buatc,verb,to locate,找到,พบ,zhǎodào,zaau2 dou3,,,
ceu,verb,to transcribe,抄写,ถอดข้อความ,chāoxiě,caau1 se2,,,
caa,verb,to catch,抓,จับ,zhuā,zaa1,,,
beu sengh,verb,to insure,投保,ทำประกัน,tóubǎo,tau4 bou2,,,
cutv,verb,to snatch,抢夺,แย่งชิง,qiǎngduó,coeng2 dok6,,,
cau,verb,to raise,抬起,ยกขึ้น,tái qǐ,toi4 hei2,,,
cui,verb,to pump,抽水,สูบน้ำ,chōushuǐ,cau1 seoi2,,,
caeqv,verb,to dismantle,拆卸,รื้อแยก,chāixiè,caai1 se3,,,
caeqv,verb,to take apart,拆开,แยกออก,chāikāi,caai1 hoi1,,,
caeqv,verb,to disassemble,拆解,ถอดแยก,chāijiě,caai1 gaai2,,,
caeqv,verb,to tear down,拆除,รื้อถอน,chāichú,caai1 ceoi4,,,
baeng,verb,to pull,拉,ดึง,lā,laai1,,,
baeng,verb,to pluck,拔,ถอน,bá,bat6,,,
cun,verb,to pluck,拔,ถอน,bá,bat6,,,
ciev,verb,to direct,指挥,สั่งการ,zhǐhuī,zi2 fai1,,,
biux,verb,to give according to custom,按俗赠予,ให้ตามประเพณี,àn sú zèngyǔ,on3 zuk6 zang6 jyu5,,Literary,
caa,verb,to press,按压,กด,ànyā,on3 aap3,,,
corngv,verb,to press,按压,กด,ànyā,on3 aap3,,,
caa,verb,to massage,按摩,นวด,ànmó,on3 mo1,,,
corngv,verb,to provoke,挑衅,ยั่วยุ,tiǎoxìn,tiu2 jan3,,,
cuoqv,verb,to provoke,挑衅,ยั่วยุ,tiǎoxìn,tiu2 jan3,,,
bienv,verb,to deflect,挡开,ปัดออก,dǎngkāi,dong2 hoi1,,,
borngz,verb,to struggle,挣扎,ดิ้นรน,zhēngzhá,zang1 zaat6,,,
borngz,verb,to struggle,挣扎,ดิ้นรน,zhēngzhá,zang1 zaat6,,,
bangv,verb,to tied up,捆绑,มัด,kǔnbǎng,kwan2 bong2,,,
ceix,verb,to grant,授予,มอบให้,shòuyǔ,sau6 jyu5,,,
corngv,verb,to push,推,ผลัก,tuī,teoi1,,,
ban,verb,to move small objects by pushing with hands or sticks ,推拨,เขี่ย / ดัน,tuī bō,teoi1 but6,,,
caix,verb,to knead with the hands,揉,นวด / คลุก,róu,jau4,,,
ceu,verb,to lift out,提出,ยกออก,tíchū,tai4 ceot1,Ceu wuonh. To lift soul out of hell.,,
cipv,verb,to stick object in something,插入物体,เสียบวัตถุ,chārù wùtǐ,caap3 jap6 mat6 tai2,,,
cam,verb,to butt in,插嘴,พูดแทรก,chāzuǐ,caap3 zeoi2,,,
borng,verb,to aid,援助,ช่วยเหลือ,yuánzhù,jyun4 zo6,,,
bienh,verb,to carry,搬,แบก / ขน,bān,bun1,,,
betv,verb,to tear,撕,ฉีก,sī,si1,,,
betv,verb,to rip,撕裂,ฉีก,sī liè,si1 lit6,,,
corh,verb,to scour,擦洗,ขัดถู,cāxǐ,caat3 sai2,,,
congh,verb,to support,支持,สนับสนุน,zhīchí,zi1 ci4,,,
caengx,verb,to prop up,支撑,ค้ำยัน,zhīchēng,zi1 cang1,,,
aaux,verb,to change,改变,เปลี่ยน,gǎibiàn,goi2 bin3,,,
cornx,verb,to intentionally starting problems,故意找事,ตั้งใจหาเรื่อง,gùyì zhǎo shì,gu3 ji3 zaau2 si6,,,
bun-dunx,verb,to break off relationship,断交,ตัดความสัมพันธ์,duànjiāo,dyun6 gaau1,,Literary,
beic-sih,verb,to be unable to defend or resist,无法防御,ไม่อาจป้องกันได้,wúfǎ fángyù,mou4 faat3 fong4 jyu6,,,
cung,verb,to violent act,暴力行为,การใช้ความรุนแรง,bàolì xíngwéi,bou6 lik6 hang4 wai4,,,
butv-kuaangh,verb,to sleepwalk,梦游,ละเมอเดิน,mèngyóu,mung6 jau4,,,
baic,verb,to comb,梳,หวี,shū,so1,,,
cangx,verb,to sing,歌唱,ขับร้อง,gē chàng,go1 coeng3,,Literary,
beiv,verb,to compare,比较,เปรียบเทียบ,bǐjiào,bei2 gaau3,,,
butv baengc-fouh,verb,to have edema,水肿,บวมน้ำ,shuǐzhǒng,seoi2 zung2,,,
baqv,verb,to inject,注射,ฉีด,zhùshè,zyu3 se6,,,
buatc,verb,to notice,注意,สังเกต,zhùyì,zyu3 ji3,,,
cai,verb,to dispatch,派遣,ส่งไป,pàiqiǎn,paai3 hin2,,,
butv juangv,verb,to have the flu,流感,เป็นไข้หวัดใหญ่,liúgǎn,lau4 gam2,,,
caix,verb,to mix,混合,ผสม,hùnhé,wan6 hap6,,,
com,verb,to mix together,混在一起,ผสมเข้าด้วยกัน,hùn zài yìqǐ,wan6 zoi6 jat1 hei2,,,
cei,verb,to crave,渴望,อยาก,kěwàng,hot3 mong6,,,
biuqv,verb,to cooking in hot ash,灰烬烹饪,อบในขี้เถ้า,huījìn pēngrèn,fui1 zeon6 paang1 jan6,,,
caauv,verb,to sauté,炒,ผัด,chǎo,caau2,,,
caauv,verb,to stir-fry,炒,ผัด,chǎo,caau2,,,
caauv,verb,to fry,炸,ทอด,zhá,zaa3,,,
buoqc,verb,to care for,照料,ดูแล,zhàoliào,ziu3 liu6,,,
ciev,verb,to yank,猛拉,กระชาก,měnglā,maang5 laai1,,,
corngh,verb,to figure out the meaning,理解意思,ทำความเข้าใจความหมาย,lǐjiě yìsi,lei5 gaai2 ji3 si1,,,
butv faang,verb,to have sores,生疮,เป็นแผล,shēngchuāng,sang1 cong1,,,
butv baengc,verb,to become ill,生病,ป่วย,shēngbìng,sang1 beng6,,,
butv damv,verb,to have lice,生虱子,เป็นเหา,shēng shīzi,sang1 sat1 zi2,,,
butv gaeng,verb,to become wormy,生蛆,มีหนอน,shēngqū,sang1 ceoi1,,,
ceiv,verb,to poke something from above with a stick,用棍戳,ใช้ไม้แทง,yòng gùn chuō,jung6 gwan3 coek3,,,
cuangx,verb,to elbow,用肘顶,ใช้ศอกดัน,yòng zhǒu dǐng,jung6 zau2 ding2,,,
butv beuh,verb,to have goiter,甲状腺肿,คอพอก,jiǎzhuàngxiàn zhǒng,gaap3 zong6 sin3 zung2,,,
butv buang,verb,to have spasm,痉挛,เกร็ง,jìngluán,ging3 lyun4,,,
butv baengc-ciou,verb,to have epilepsy,癫痫,เป็นลมชัก,diānxián,din1 jim4,,,
camx,verb,to adjoin,相邻,ติดกัน,xiānglín,soeng1 leon4,,,
buatc,verb,to see,看见,เห็น,kàn jiàn,hon3 gin3,,,
baaix,verb,to kowtow,磕头,กราบ,kē tóu,hap1 tau4,,,
biec,verb,to whet,磨利,ลับคม,mólì,mo4 lei6,,,
biec,verb,to sharpen,磨尖,เหลาให้คม,mó jiān,mo4 zim1,,,
corx,verb,to grate,磨碎,ขูด,mó suì,mo4 seoi3,,,
buang waac,verb,to bless,祝佑,อวยพร,zhùyòu,zuk1 jau6,,,
buang,verb,to bless,祝福,อวยพร,zhùfú,zuk1 fuk1,,,
ceix,verb,to bless,祝福,อวยพร,zhùfú,zuk1 fuk1,,,
cui,verb,to bless,祝福,อวยพร,zhùfú,zuk1 fuk1,,,
bienv,verb,to shift,移动,ขยับ/ย้าย,yí dòng,ji4 dung6,,,
baatc,verb,to fine,罚款,ปรับเงิน,fákuǎn,fat6 fun2,,,
biaah,verb,to rake,耙（耙一耙）,คราด/คราดดิน,pá,paa4,,,
camx,verb,to join together,联合,รวมกัน,liánhé,lin4 hap6,,,
buix,verb,to carry over the shoulder; to carry hanging from the shoulder or down the back,肩背扛,แบกบ่า,jiānbèi káng,gin1 bui3 kong4,,,
butv haa-cunv,verb,to have tuberculosis,肺结核,เป็นวัณโรค,fèijiéhé,fai3 git3 hap6,,,
beix,verb,to scoop,舀,ตัก,yǎo,jiu5,,,
cienh,verb,to scope,范围,ขอบเขต,fànwéi,faan6 wai4,,,
buih,verb,to compensate,补偿,ชดเชย,bǔcháng,bou2 soeng4,,,
ceng,verb,to commend,表彰,ชมเชย,biǎozhāng,biu2 zoeng1,,,
bien,verb,to inquire,询问,สอบถาม,xúnwèn,ceon4 man6,,,
bien,verb,to investigate,调查,สืบสวน,diàochá,diu6 caa4,,,
bietv,verb,to earn,赚,หาเงิน,zhuàn,zaan6,,,
ceng,verb,to praise,赞扬,สรรเสริญ,zànyáng,zaan3 joeng4,,,
beqv,verb,to hurry,赶快,รีบ,gǎnkuài,gon2 faai3,,,
butvbaa,verb,to become callouse,起茧,เป็นตาปลา,qǐjiǎn,hei2 gaan2,,,
baatc,verb,to sue,起诉,ฟ้องร้อง,qǐsù,hei2 sou3,,,
caangv,verb,to overtake,超越,แซง,chāoyuè,ciu1 jyut6,Caangv jauv. To try to overtake others on the road.,,
baamz,verb,to transgress,越轨,ละเมิด,yuèguǐ,jyut6 gwai2,,,
caaiv,verb,to step on,踩,เหยียบ,cǎi,caai2,,,
caaiv,verb,to trample,踩踏,เหยียบย่ำ,cǎità,caai2 daap6,,,
bienh,verb,to transfer,转移,โอนย้าย,zhuǎnyí,zyun2 ji4,,,
buang,verb,to cover over up,遮盖,ปกปิด,zhēgài,ze1 goi3,,,
cingv,verb,to invite,邀请,เชิญ,yāoqǐng,jiu1 cing2,,,
camx,verb,to overlap,重叠,ซ้อนทับ,chóngdié,cung4 dip6,,,
cenv,verb,to shovel,铲,ตักด้วยพลั่ว,chǎn,caan2,,,
butv diuv-mueic,verb,to have acne,长痘,เป็นสิว,zhǎng dòu,zoeng2 dau6,,,
cienh,verb,to spy,间谍,สอดแนม,jiàndié,gaan3 dip6,,,
butv baengc-hlutv,verb,to have vaginal hemorrhage,阴道出血,เลือดออกทางช่องคลอด,yīndào chūxuè,jam1 dou6 ceot1 hyut3,,,
bangx,verb,to block,阻挡,ขวาง,zǔdǎng,zo2 dong2,,,
bangx,verb,to obstruct,阻碍,กีดขวาง,zǔ’ài,zo2 ngoi6,,,
cingv,verb,to hire,雇用,จ้าง,gùyòng,gu3 jung6,,,
baaix,verb,to bow,鞠躬,โค้งคำนับ,jūgōng,guk1 gung1,,,
biuih,verb,to push up and out,顶出,ดันให้โป่งออก,dǐng chū,ding2 ceot1,,,
box,verb,to forewarn,预警,เตือนล่วงหน้า,yùjǐng,jyu6 ging2,,,
corngv,verb,to harass,骚扰,รบกวน,sāorǎo,sou1 jiu2,,,
ceng,verb,to encourage,鼓励,ให้กำลังใจ,gǔlì,gu2 lei6,,,
bau,verb,to puff,鼓起,พอง,gǔ qǐ,gu2 hei2,,,
